scenario,mode,rtt_ms,loss_pct,timeout_ms,pto,run,status,failed_stage,errno,attempts,latency_ms,bytes_online,msgs_online,cpu_ms_ue,cpu_ms_lj,cpu_ms_ln,processing_ms_ln,bytes_ue,bytes_lj,bytes_ln,bytes_total,msgs_ue,msgs_lj,msgs_ln,msgs_total,ts5,ts6,rain_profile,bw_factor,down_rate_mbps,up_rate_mbps,bad_ticks,total_ticks,bad_ratio,blackout_events,blackout_ticks,window_profile,window_duration_ms,uplink_delay_ms,down_ready_ms,guard_close_ms,scheduled_blackouts
g2_rain_fade,RAIN_FADE,14,,300,2,1,ok,,,2,47.36462500295602,2016.0,5,10.088999999999992,0.047999999999774445,10.242999999999938,10.241208015941083,889.0,708.0,419.0,2016.0,2,2,1,5,1761447258556,1761447258582,light,0.8,80.0,0.0,0,1,0.0,0,0,,,,,,
g2_rain_fade,RAIN_FADE,14,,300,2,2,ok,,,2,50.62033300055191,2010.0,5,9.635000000000005,0.03399999999874126,9.760000000000673,9.758791973581538,886.0,708.0,416.0,2010.0,2,2,1,5,1761447259170,1761447259199,light,0.8,80.0,0.0,0,1,0.0,0,0,,,,,,
g2_rain_fade,RAIN_FADE,14,,300,2,3,ok,,,2,52.67312499927357,2012.0,5,10.280000000000001,0.037000000000261934,9.859999999999673,9.85775000299327,887.0,709.0,416.0,2012.0,2,2,1,5,1761447259785,1761447259813,light,0.8,80.0,0.0,0,1,0.0,0,0,,,,,,
g2_rain_fade,RAIN_FADE,14,,300,2,4,ok,,,2,50.27712500304915,2009.0,5,9.75,0.037000000000261934,9.717000000000098,9.715249994769692,886.0,707.0,416.0,2009.0,2,2,1,5,1761447260406,1761447260433,light,0.8,80.0,0.0,0,1,0.0,0,0,,,,,,
g2_rain_fade,RAIN_FADE,14,,300,2,5,ok,,,2,49.13770899293013,2008.0,5,9.784999999999997,0.03699999999935244,9.816000000000258,9.81258400133811,885.0,708.0,415.0,2008.0,2,2,1,5,1761447261052,1761447261080,light,0.8,80.0,0.0,0,1,0.0,0,0,,,,,,
g2_rain_fade,RAIN_FADE,14,,300,2,6,ok,,,2,44.41187498741783,2013.0,5,9.618999999999993,0.03699999999935244,9.778999999999542,9.775833983439952,887.0,709.0,417.0,2013.0,2,2,1,5,1761447261680,1761447261703,light,0.8,80.0,0.0,0,1,0.0,0,0,,,,,,
g2_rain_fade,RAIN_FADE,14,,300,2,7,ok,,,2,52.4627499980852,2009.0,5,9.82099999999999,0.040000000000873115,9.833999999999833,9.832333016674966,886.0,707.0,416.0,2009.0,2,2,1,5,1761447262309,1761447262337,light,0.8,80.0,0.0,0,1,0.0,0,0,,,,,,
g2_rain_fade,RAIN_FADE,14,,300,2,8,ok,,,2,46.5936669788789,2011.0,5,9.795000000000002,0.03800000000046566,9.733999999999924,9.731875004945323,886.0,708.0,417.0,2011.0,2,2,1,5,1761447262911,1761447262937,light,0.8,80.0,0.0,0,1,0.0,0,0,,,,,,
g2_rain_fade,RAIN_FADE,14,,300,2,9,ok,,,2,66.95933299488388,2017.0,5,9.931999999999995,0.04100000000016735,12.618000000000393,12.615583022125065,889.0,709.0,419.0,2017.0,2,2,1,5,1761447263539,1761447263579,light,0.8,80.0,0.0,0,1,0.0,0,0,,,,,,
g2_rain_fade,RAIN_FADE,14,,300,2,10,ok,,,2,51.887957990402356,2011.0,5,9.858000000000004,0.03599999999823922,9.851999999999862,9.850374975940213,886.0,708.0,417.0,2011.0,2,2,1,5,1761447264162,1761447264190,light,0.8,80.0,0.0,0,1,0.0,0,0,,,,,,
g2_rain_fade,RAIN_FADE,14,,300,2,11,ok,,,2,58.67379100527614,2014.0,5,10.497999999999998,0.0500000000001819,10.754999999999654,10.754625021945685,887.0,708.0,419.0,2014.0,2,2,1,5,1761447264779,1761447264814,light,0.8,80.0,0.0,0,2,0.0,0,0,,,,,,
g2_rain_fade,RAIN_FADE,14,,300,2,12,ok,,,2,49.0611249988433,2013.0,5,9.905000000000008,0.03800000000046566,9.815999999999804,9.814916993491352,887.0,709.0,417.0,2013.0,2,2,1,5,1761447265551,1761447265576,light,0.8,80.0,0.0,0,1,0.0,0,0,,,,,,
g2_rain_fade,RAIN_FADE,14,,300,2,13,ok,,,2,53.58395801158622,2012.0,5,9.86,0.033999999999650754,9.873999999999796,9.87179100047797,887.0,709.0,416.0,2012.0,2,2,1,5,1761447266223,1761447266255,light,0.8,80.0,0.0,0,1,0.0,0,0,,,,,,
g2_rain_fade,RAIN_FADE,14,,300,2,14,ok,,,2,52.56237499997951,2010.0,5,10.126999999999999,0.035000000000763976,9.654000000000451,9.651125001255423,886.0,707.0,417.0,2010.0,2,2,1,5,1761447266871,1761447266901,light,0.8,80.0,0.0,0,1,0.0,0,0,,,,,,
g2_rain_fade,RAIN_FADE,14,,300,2,15,ok,,,2,50.426708010490984,2008.0,5,9.957999999999998,0.04099999999925785,9.875000000000455,9.871624992229044,885.0,707.0,416.0,2008.0,2,2,1,5,1761447267517,1761447267544,light,0.8,80.0,0.0,0,1,0.0,0,0,,,,,,
g2_rain_fade,RAIN_FADE,14,,300,2,16,ok,,,2,48.98020799737424,2016.0,5,9.803999999999995,0.0360000000009677,10.117999999999938,10.116124991327524,888.0,709.0,419.0,2016.0,2,2,1,5,1761447268140,1761447268165,light,0.8,80.0,0.0,0,1,0.0,0,0,,,,,,
g2_rain_fade,RAIN_FADE,14,,300,2,17,ok,,,2,48.5658340039663,2009.0,5,9.702999999999996,0.034999999998944986,9.692000000000007,9.690707986010239,886.0,707.0,416.0,2009.0,2,2,1,5,1761447268784,1761447268810,light,0.8,80.0,0.0,0,1,0.0,0,0,,,,,,
g2_rain_fade,RAIN_FADE,14,,300,2,18,ok,,,2,51.30729099619202,2014.0,5,9.984000000000002,0.035000000000763976,9.903000000000247,9.901540994178504,888.0,709.0,417.0,2014.0,2,2,1,5,1761447269477,1761447269505,light,0.8,80.0,0.0,0,1,0.0,0,0,,,,,,
g2_rain_fade,RAIN_FADE,14,,300,2,19,ok,,,2,46.61250000935979,2009.0,5,9.879999999999995,0.03700000000117143,9.909999999999854,9.90750000346452,885.0,708.0,416.0,2009.0,2,2,1,5,1761447270078,1761447270101,light,0.8,80.0,0.0,0,1,0.0,0,0,,,,,,
g2_rain_fade,RAIN_FADE,14,,300,2,20,ok,,,2,47.96708299545571,2009.0,5,9.808999999999997,0.03999999999996362,9.77599999999984,9.77270898874849,885.0,709.0,415.0,2009.0,2,2,1,5,1761447270728,1761447270756,light,0.8,80.0,0.0,0,1,0.0,0,0,,,,,,
g2_rain_fade,RAIN_FADE,14,,400,2,1,ok,,,2,50.800166005501524,1988.0,5,9.882999999999996,0.037000000000261934,9.75,9.747832984430715,875.0,709.0,404.0,1988.0,2,2,1,5,1761447271357,1761447271385,light,0.8,80.0,0.0,0,1,0.0,0,0,,,,,,
g2_rain_fade,RAIN_FADE,14,,400,2,2,ok,,,2,48.87479200260714,2008.0,5,10.039000000000001,0.03799999999955617,9.96499999999969,9.963249991415069,885.0,708.0,415.0,2008.0,2,2,1,5,1761447271977,1761447272004,light,0.8,80.0,0.0,0,1,0.0,0,0,,,,,,
g2_rain_fade,RAIN_FADE,14,,400,2,3,ok,,,2,52.04570898786187,2013.0,5,10.237000000000005,0.03700000000117143,9.925000000000182,9.925417019985616,887.0,709.0,417.0,2013.0,2,2,1,5,1761447272566,1761447272595,light,0.8,80.0,0.0,0,1,0.0,0,0,,,,,,
g2_rain_fade,RAIN_FADE,14,,400,2,4,ok,,,2,49.86804199870676,2011.0,5,9.598000000000006,0.03599999999823922,9.863999999999578,9.86208298127167,886.0,709.0,416.0,2011.0,2,2,1,5,1761447273158,1761447273184,light,0.8,80.0,0.0,0,1,0.0,0,0,,,,,,
g2_rain_fade,RAIN_FADE,14,,400,2,5,ok,,,2,52.160417020786554,2009.0,5,9.662999999999997,0.03999999999996362,9.72799999999961,9.725790994707495,885.0,708.0,416.0,2009.0,2,2,1,5,1761447273800,1761447273830,light,0.8,80.0,0.0,0,1,0.0,0,0,,,,,,
g2_rain_fade,RAIN_FADE,14,,400,2,6,ok,,,2,50.89220800437033,2014.0,5,9.946999999999996,0.037000000000261934,9.960999999999785,9.957292000763118,888.0,709.0,417.0,2014.0,2,2,1,5,1761447274454,1761447274482,light,0.8,80.0,0.0,0,1,0.0,0,0,,,,,,
g2_rain_fade,RAIN_FADE,14,,400,2,7,ok,,,2,51.10041701118462,2012.0,5,10.082999999999998,0.03400000000056025,10.016999999999825,10.014958010287955,887.0,707.0,418.0,2012.0,2,2,1,5,1761447275032,1761447275060,light,0.8,80.0,0.0,0,1,0.0,0,0,,,,,,
g2_rain_fade,RAIN_FADE,14,,400,2,8,ok,,,2,49.499417014885694,2013.0,5,9.992000000000012,0.03700000000117143,9.873000000000047,9.871165995718911,887.0,709.0,417.0,2013.0,2,2,1,5,1761447275667,1761447275692,light,0.8,80.0,0.0,0,1,0.0,0,0,,,,,,
g2_rain_fade,RAIN_FADE,14,,400,2,9,ok,,,2,53.348375018686056,2015.0,5,9.897000000000006,0.04100000000016735,10.069999999999709,10.067249997518957,888.0,708.0,419.0,2015.0,2,2,1,5,1761447276301,1761447276333,light,0.8,80.0,0.0,0,1,0.0,0,0,,,,,,
g2_rain_fade,RAIN_FADE,14,,400,2,10,ok,,,2,47.920666984282434,2013.0,5,9.872999999999998,0.03599999999914871,9.819000000000415,9.816957986913621,887.0,709.0,417.0,2013.0,2,2,1,5,1761447276955,1761447276982,light,0.8,80.0,0.0,0,1,0.0,0,0,,,,,,
g2_rain_fade,RAIN_FADE,14,,400,2,11,ok,,,2,51.26150100841187,2015.0,5,10.065999999999995,0.035000000000763976,10.155999999999949,10.153749986784533,889.0,708.0,418.0,2015.0,2,2,1,5,1761447277567,1761447277595,light,0.8,80.0,0.0,0,1,0.0,0,0,,,,,,
g2_rain_fade,RAIN_FADE,14,,400,2,12,ok,,,2,49.68862500390969,2008.0,5,9.695999999999998,0.03899999999975989,9.983000000000175,9.98004199936986,885.0,708.0,415.0,2008.0,2,2,1,5,1761447278140,1761447278169,light,0.8,80.0,0.0,0,1,0.0,0,0,,,,,,
g2_rain_fade,RAIN_FADE,14,,400,2,13,ok,,,2,47.342667006887496,2013.0,5,9.99600000000001,0.03700000000117143,9.952000000000226,9.950125007890165,887.0,709.0,417.0,2013.0,2,2,1,5,1761447278761,1761447278785,light,0.8,80.0,0.0,0,1,0.0,0,0,,,,,,
g2_rain_fade,RAIN_FADE,14,,400,2,14,ok,,,2,49.892791983438656,2008.0,5,9.982999999999997,0.03399999999874126,9.913000000000011,9.910583990858868,885.0,707.0,416.0,2008.0,2,2,1,5,1761447279356,1761447279383,light,0.8,80.0,0.0,0,1,0.0,0,0,,,,,,
g2_rain_fade,RAIN_FADE,14,,400,2,15,ok,,,2,53.334042022470385,2011.0,5,10.111999999999998,0.03400000000146974,9.907999999999902,9.906874998705462,886.0,708.0,417.0,2011.0,2,2,1,5,1761447279948,1761447279978,light,0.8,80.0,0.0,0,1,0.0,0,0,,,,,,
g2_rain_fade,RAIN_FADE,14,,400,2,16,ok,,,2,46.530499996151775,2003.0,5,9.604999999999997,0.03600000000005821,9.71499999999969,9.712500002933666,883.0,706.0,414.0,2003.0,2,2,1,5,1761447280560,1761447280585,light,0.8,80.0,0.0,0,1,0.0,0,0,,,,,,
g2_rain_fade,RAIN_FADE,14,,400,2,17,ok,,,2,45.9037079999689,2010.0,5,9.616000000000003,0.03399999999874126,9.731999999999971,9.730375022627413,886.0,708.0,416.0,2010.0,2,2,1,5,1761447281185,1761447281209,light,0.8,80.0,0.0,0,1,0.0,0,0,,,,,,
g2_rain_fade,RAIN_FADE,14,,400,2,18,ok,,,2,51.10599999898113,2011.0,5,10.114000000000004,0.03200000000106229,9.990999999999985,9.988542005885392,886.0,708.0,417.0,2011.0,2,2,1,5,1761447281784,1761447281811,light,0.8,80.0,0.0,0,1,0.0,0,0,,,,,,
g2_rain_fade,RAIN_FADE,14,,400,2,19,ok,,,2,52.87095901439898,2016.0,5,10.171000000000006,0.037000000000261934,10.128999999999905,10.126249981112778,889.0,708.0,419.0,2016.0,2,2,1,5,1761447282458,1761447282489,light,0.8,80.0,0.0,0,1,0.0,0,0,,,,,,
g2_rain_fade,RAIN_FADE,14,,400,2,20,ok,,,2,51.81341597926803,2008.0,5,9.736000000000008,0.03599999999914871,9.936999999999898,9.93533298606053,885.0,708.0,415.0,2008.0,2,2,1,5,1761447283067,1761447283096,light,0.8,80.0,0.0,0,1,0.0,0,0,,,,,,
g2_rain_fade,RAIN_FADE,14,,300,2,1,ok,,,2,51.193833991419524,2010.0,5,9.75,0.03499999999985448,9.930000000000291,9.927375009283423,886.0,708.0,416.0,2010.0,2,2,1,5,1761447283805,1761447283834,moderate,0.5,50.0,0.0,0,1,0.0,0,0,,,,,,
g2_rain_fade,RAIN_FADE,14,,300,2,2,ok,,,2,49.04087501927279,2014.0,5,10.067999999999998,0.03799999999955617,10.121000000000095,10.121416999027133,888.0,708.0,418.0,2014.0,2,2,1,5,1761447284406,1761447284433,moderate,0.5,50.0,0.0,0,1,0.0,0,0,,,,,,
g2_rain_fade,RAIN_FADE,14,,300,2,3,ok,,,2,49.07683297642507,2010.0,5,9.90799999999999,0.03699999999935244,9.760999999999513,9.759250009665266,886.0,708.0,416.0,2010.0,2,2,1,5,1761447285052,1761447285078,moderate,0.5,50.0,0.0,0,1,0.0,0,0,,,,,,
g2_rain_fade,RAIN_FADE,14,,300,2,4,ok,,,2,47.560582985170186,2007.0,5,9.713000000000001,0.0360000000018772,9.842999999999847,9.839542006375268,884.0,707.0,416.0,2007.0,2,2,1,5,1761447285696,1761447285722,moderate,0.5,50.0,0.0,0,1,0.0,0,0,,,,,,
g2_rain_fade,RAIN_FADE,14,,300,2,5,ok,,,2,50.63954199431464,2013.0,5,9.822000000000003,0.03499999999985448,9.758000000000266,9.756459010532126,887.0,709.0,417.0,2013.0,2,2,1,5,1761447286301,1761447286329,moderate,0.5,50.0,0.0,0,1,0.0,0,0,,,,,,
g2_rain_fade,RAIN_FADE,14,,300,2,6,ok,,,2,50.802750018192455,1982.0,5,10.192,0.03900000000066939,10.0,9.997499990276992,872.0,707.0,403.0,1982.0,2,2,1,5,1761447286927,1761447286954,moderate,0.5,50.0,0.0,0,1,0.0,0,0,,,,,,
g2_rain_fade,RAIN_FADE,14,,300,2,7,ok,,,2,49.3990829854738,2012.0,5,9.921000000000006,0.03400000000056025,10.02999999999929,10.025625000707805,887.0,708.0,417.0,2012.0,2,2,1,5,1761447287543,1761447287570,moderate,0.5,50.0,0.0,0,1,0.0,0,0,,,,,,
g2_rain_fade,RAIN_FADE,14,,300,2,8,ok,,,2,46.669542003655806,2013.0,5,9.960000000000008,0.03600000000005821,9.756000000000313,9.754291997523978,887.0,709.0,417.0,2013.0,2,2,1,5,1761447288129,1761447288153,moderate,0.5,50.0,0.0,0,1,0.0,0,0,,,,,,
g2_rain_fade,RAIN_FADE,14,,300,2,9,ok,,,2,48.02945797564462,2014.0,5,9.989000000000004,0.03399999999874126,10.191000000000258,10.188917018240318,888.0,708.0,418.0,2014.0,2,2,1,5,1761447288731,1761447288758,moderate,0.5,50.0,0.0,0,1,0.0,0,0,,,,,,
g2_rain_fade,RAIN_FADE,14,,300,2,10,ok,,,2,49.812084005679935,2013.0,5,9.772999999999993,0.03700000000117143,9.867999999999938,9.865500003797933,887.0,709.0,417.0,2013.0,2,2,1,5,1761447289347,1761447289374,moderate,0.5,50.0,0.0,0,1,0.0,0,0,,,,,,
g2_rain_fade,RAIN_FADE,14,,300,2,11,ok,,,2,52.30966699309647,2016.0,5,10.04699999999999,0.033999999999650754,10.065000000000055,10.063167021144181,889.0,708.0,419.0,2016.0,2,2,1,5,1761447289942,1761447289971,moderate,0.5,50.0,0.0,0,1,0.0,0,0,,,,,,
g2_rain_fade,RAIN_FADE,14,,300,2,12,ok,,,2,49.60033297538757,2014.0,5,9.669000000000008,0.033999999999650754,9.893999999999778,9.891749999951571,888.0,709.0,417.0,2014.0,2,2,1,5,1761447290539,1761447290565,moderate,0.5,50.0,0.0,0,1,0.0,0,0,,,,,,
g2_rain_fade,RAIN_FADE,14,,300,2,13,ok,,,2,51.882791973184794,2017.0,5,9.852999999999994,0.03500000000167347,10.202000000000226,10.199707990977913,889.0,709.0,419.0,2017.0,2,2,1,5,1761447291172,1761447291201,moderate,0.5,50.0,0.0,0,1,0.0,0,0,,,,,,
g2_rain_fade,RAIN_FADE,14,,300,2,14,ok,,,2,52.77991702314466,2007.0,5,10.083000000000002,0.038000000001375156,9.98299999999972,9.980083006666973,885.0,707.0,415.0,2007.0,2,2,1,5,1761447291831,1761447291863,moderate,0.5,50.0,0.0,0,1,0.0,0,0,,,,,,
g2_rain_fade,RAIN_FADE,14,,300,2,15,ok,,,2,51.10604100627825,2018.0,5,10.052,0.039999999999054126,10.299999999999727,10.297250002622604,890.0,709.0,419.0,2018.0,2,2,1,5,1761447292489,1761447292516,moderate,0.5,50.0,0.0,0,1,0.0,0,0,,,,,,
g2_rain_fade,RAIN_FADE,14,,300,2,16,ok,,,2,49.80220799916424,2009.0,5,9.677999999999997,0.03799999999955617,9.61600000000044,9.613625006750226,885.0,708.0,416.0,2009.0,2,2,1,5,1761447293124,1761447293151,moderate,0.5,50.0,0.0,0,1,0.0,0,0,,,,,,
g2_rain_fade,RAIN_FADE,14,,300,2,17,ok,,,2,51.192999992053956,2009.0,5,9.788999999999998,0.037000000000261934,9.80099999999993,9.798749990295619,886.0,708.0,415.0,2009.0,2,2,1,5,1761447293766,1761447293794,moderate,0.5,50.0,0.0,0,1,0.0,0,0,,,,,,
g2_rain_fade,RAIN_FADE,14,,300,2,18,ok,,,2,49.90587499924004,2014.0,5,9.940999999999995,0.0389999999988504,10.146000000000186,10.146207991056144,887.0,708.0,419.0,2014.0,2,2,1,5,1761447294413,1761447294439,moderate,0.5,50.0,0.0,0,1,0.0,0,0,,,,,,
g2_rain_fade,RAIN_FADE,14,,300,2,19,ok,,,2,49.44658401655033,2016.0,5,9.719999999999992,0.037000000000261934,10.07800000000043,10.075375001179054,889.0,709.0,418.0,2016.0,2,2,1,5,1761447295014,1761447295043,moderate,0.5,50.0,0.0,0,1,0.0,0,0,,,,,,
g2_rain_fade,RAIN_FADE,14,,300,2,20,ok,,,2,48.11800000607036,2012.0,5,9.988000000000007,0.0389999999988504,9.871999999999844,9.869708999758586,886.0,709.0,417.0,2012.0,2,2,1,5,1761447295619,1761447295644,moderate,0.5,50.0,0.0,0,1,0.0,0,0,,,,,,
g2_rain_fade,RAIN_FADE,14,,400,2,1,ok,,,2,53.59141598455608,2003.0,5,9.818000000000005,0.03600000000005821,9.97799999999961,9.976250003091991,883.0,706.0,414.0,2003.0,2,2,1,5,1761447296254,1761447296285,moderate,0.5,50.0,0.0,0,1,0.0,0,0,,,,,,
g2_rain_fade,RAIN_FADE,14,,400,2,2,ok,,,2,50.590625003678724,2015.0,5,9.866000000000003,0.03899999999975989,10.096999999999753,10.094124998431653,888.0,708.0,419.0,2015.0,2,2,1,5,1761447296932,1761447296960,moderate,0.5,50.0,0.0,0,1,0.0,0,0,,,,,,
g2_rain_fade,RAIN_FADE,14,,400,2,3,ok,,,2,73.22320900857449,2018.0,5,17.15800000000001,0.056000000000494765,16.412000000000262,16.407167015131563,890.0,709.0,419.0,2018.0,2,2,1,5,1761447298078,1761447298117,moderate,0.5,50.0,0.0,0,4,0.0,0,0,,,,,,
g2_rain_fade,RAIN_FADE,14,,400,2,4,ok,,,2,54.846957995323464,2006.0,5,9.893999999999998,0.03800000000046566,9.773000000000138,9.769750002305955,884.0,706.0,416.0,2006.0,2,2,1,5,1761447298843,1761447298873,moderate,0.5,50.0,0.0,0,1,0.0,0,0,,,,,,
g2_rain_fade,RAIN_FADE,14,,400,2,5,ok,,,2,49.935083981836215,2015.0,5,9.857,0.03499999999985448,10.065000000000055,10.06224998855032,888.0,709.0,418.0,2015.0,2,2,1,5,1761447299492,1761447299519,moderate,0.5,50.0,0.0,0,1,0.0,0,0,,,,,,
g2_rain_fade,RAIN_FADE,14,,400,2,6,ok,,,2,51.36466698604636,2011.0,5,9.694000000000003,0.03399999999874126,9.881000000000313,9.878624987322837,886.0,708.0,417.0,2011.0,2,2,1,5,1761447300103,1761447300133,moderate,0.5,50.0,0.0,0,1,0.0,0,0,,,,,,
g2_rain_fade,RAIN_FADE,14,,400,2,7,ok,,,2,45.10158297489397,2013.0,5,9.861999999999995,0.03600000000005821,9.807999999999993,9.806209011003375,887.0,709.0,417.0,2013.0,2,2,1,5,1761447300717,1761447300741,moderate,0.5,50.0,0.0,0,1,0.0,0,0,,,,,,
g2_rain_fade,RAIN_FADE,14,,400,2,8,ok,,,2,54.534041992155835,2011.0,5,10.015000000000004,0.03799999999955617,9.780999999999494,9.806916990783066,886.0,708.0,417.0,2011.0,2,2,1,5,1761447301322,1761447301354,moderate,0.5,50.0,0.0,0,1,0.0,0,0,,,,,,
g2_rain_fade,RAIN_FADE,14,,400,2,9,ok,,,2,49.740124988602474,2013.0,5,9.758999999999993,0.03599999999823922,9.897999999999683,9.901834011543542,887.0,709.0,417.0,2013.0,2,2,1,5,1761447301969,1761447301995,moderate,0.5,50.0,0.0,0,1,0.0,0,0,,,,,,
g2_rain_fade,RAIN_FADE,14,,400,2,10,ok,,,2,52.311499981442466,2015.0,5,9.877000000000013,0.03600000000005821,10.067000000000007,10.064792004413903,888.0,708.0,419.0,2015.0,2,2,1,5,1761447302559,1761447302587,moderate,0.5,50.0,0.0,0,1,0.0,0,0,,,,,,
g2_rain_fade,RAIN_FADE,14,,400,2,11,ok,,,2,49.46574999485165,2009.0,5,9.916999999999998,0.035000000000763976,9.987999999999829,9.986167016904801,886.0,707.0,416.0,2009.0,2,2,1,5,1761447303160,1761447303187,moderate,0.5,50.0,0.0,0,1,0.0,0,0,,,,,,
g2_rain_fade,RAIN_FADE,14,,400,2,12,ok,,,2,48.57674997765571,2016.0,5,9.896,0.040000000000873115,10.001000000000204,9.997667017159984,889.0,709.0,418.0,2016.0,2,2,1,5,1761447303790,1761447303817,moderate,0.5,50.0,0.0,0,1,0.0,0,0,,,,,,
g2_rain_fade,RAIN_FADE,14,,400,2,13,ok,,,2,50.458582991268486,2017.0,5,10.305,0.04099999999925785,10.196000000000367,10.194667003815994,889.0,709.0,419.0,2017.0,2,2,1,5,1761447304418,1761447304447,moderate,0.5,50.0,0.0,0,1,0.0,0,0,,,,,,
g2_rain_fade,RAIN_FADE,14,,400,2,14,ok,,,2,52.62650002259761,2008.0,5,9.998999999999999,0.03400000000056025,9.899000000000342,9.897457988699898,885.0,707.0,416.0,2008.0,2,2,1,5,1761447305031,1761447305060,moderate,0.5,50.0,0.0,0,1,0.0,0,0,,,,,,
g2_rain_fade,RAIN_FADE,14,,400,2,15,ok,,,2,47.774292004760355,2014.0,5,9.898999999999994,0.040000000000873115,9.983000000000175,9.980584000004455,888.0,709.0,417.0,2014.0,2,2,1,5,1761447305646,1761447305672,moderate,0.5,50.0,0.0,0,1,0.0,0,0,,,,,,
g2_rain_fade,RAIN_FADE,14,,400,2,16,ok,,,2,50.262584001757205,2011.0,5,9.661999999999999,0.03699999999935244,9.990999999999985,9.988125006202608,886.0,708.0,417.0,2011.0,2,2,1,5,1761447306290,1761447306317,moderate,0.5,50.0,0.0,0,1,0.0,0,0,,,,,,
g2_rain_fade,RAIN_FADE,14,,400,2,17,ok,,,2,47.914833994582295,2011.0,5,9.832999999999998,0.03899999999975989,9.79800000000023,9.795416990527883,886.0,709.0,416.0,2011.0,2,2,1,5,1761447306939,1761447306966,moderate,0.5,50.0,0.0,0,1,0.0,0,0,,,,,,
g2_rain_fade,RAIN_FADE,14,,400,2,18,ok,,,2,45.623542013345286,2014.0,5,9.779000000000003,0.03800000000046566,10.295000000000073,10.290416976204142,888.0,708.0,418.0,2014.0,2,2,1,5,1761447307557,1761447307582,moderate,0.5,50.0,0.0,0,1,0.0,0,0,,,,,,
g2_rain_fade,RAIN_FADE,14,,400,2,19,ok,,,2,51.62724998081103,2014.0,5,9.855000000000008,0.037000000000261934,9.795000000000073,9.792291995836422,888.0,709.0,417.0,2014.0,2,2,1,5,1761447308167,1761447308196,moderate,0.5,50.0,0.0,0,1,0.0,0,0,,,,,,
g2_rain_fade,RAIN_FADE,14,,400,2,20,ok,,,2,48.35295901284553,2011.0,5,9.628999999999998,0.03799999999955617,9.718000000000302,9.715958003653213,886.0,708.0,417.0,2011.0,2,2,1,5,1761447308773,1761447308801,moderate,0.5,50.0,0.0,0,1,0.0,0,0,,,,,,
g2_rain_fade,RAIN_FADE,14,,300,2,1,ok,,,2,49.90037501556799,2001.0,5,9.971999999999994,0.03899999999975989,9.817000000000007,9.814707998884842,882.0,704.0,415.0,2001.0,2,2,1,5,1761447309511,1761447309540,heavy,0.25,25.0,0.0,0,1,0.0,0,0,,,,,,
g2_rain_fade,RAIN_FADE,14,,300,2,2,ok,,,2,51.494874991476536,2013.0,5,9.717999999999996,0.03700000000117143,10.07699999999977,10.073707991978154,887.0,708.0,418.0,2013.0,2,2,1,5,1761447310126,1761447310154,heavy,0.25,25.0,0.0,0,1,0.0,0,0,,,,,,
g2_rain_fade,RAIN_FADE,14,,300,2,3,ok,,,2,53.70175000280142,2011.0,5,9.824000000000005,0.03700000000117143,9.838999999999942,9.835207980358973,886.0,708.0,417.0,2011.0,2,2,1,5,1761447310737,1761447310768,heavy,0.25,25.0,0.0,0,1,0.0,0,0,,,,,,
g2_rain_fade,RAIN_FADE,14,,300,2,4,ok,,,2,50.51695799920708,2010.0,5,9.981000000000002,0.03900000000066939,9.869999999999436,9.868332999758422,886.0,708.0,416.0,2010.0,2,2,1,5,1761447311356,1761447311385,heavy,0.25,25.0,0.0,0,1,0.0,0,0,,,,,,
g2_rain_fade,RAIN_FADE,14,,300,2,5,ok,,,2,51.6091659956146,2009.0,5,10.005000000000003,0.03899999999975989,9.9050000000002,9.902750025503337,885.0,709.0,415.0,2009.0,2,2,1,5,1761447311956,1761447311986,heavy,0.25,25.0,0.0,0,1,0.0,0,0,,,,,,
g2_rain_fade,RAIN_FADE,14,,300,2,6,ok,,,2,52.2362079937011,2008.0,5,10.024000000000001,0.03699999999935244,9.965000000000146,9.96187501004897,885.0,708.0,415.0,2008.0,2,2,1,5,1761447312599,1761447312627,heavy,0.25,25.0,0.0,0,1,0.0,0,0,,,,,,
g2_rain_fade,RAIN_FADE,14,,300,2,7,ok,,,2,51.98941600974649,2011.0,5,9.958999999999996,0.03299999999944703,9.960000000000036,9.966750018065795,886.0,708.0,417.0,2011.0,2,2,1,5,1761447313230,1761447313258,heavy,0.25,25.0,0.0,0,1,0.0,0,0,,,,,,
g2_rain_fade,RAIN_FADE,14,,300,2,8,ok,,,2,50.912459002574906,2004.0,5,9.941999999999993,0.04100000000016735,9.95199999999977,9.948791994247586,883.0,706.0,415.0,2004.0,2,2,1,5,1761447313848,1761447313876,heavy,0.25,25.0,0.0,0,1,0.0,0,0,,,,,,
g2_rain_fade,RAIN_FADE,14,,300,2,9,ok,,,2,54.91312500089407,2015.0,5,10.224999999999994,0.03999999999996362,10.009000000000015,10.006291995523497,888.0,708.0,419.0,2015.0,2,2,1,5,1761447314476,1761447314506,heavy,0.25,25.0,0.0,0,1,0.0,0,0,,,,,,
g2_rain_fade,RAIN_FADE,14,,300,2,10,ok,,,2,50.32154198852368,2009.0,5,9.887999999999998,0.038000000001375156,9.66000000000031,9.657916001742706,886.0,708.0,415.0,2009.0,2,2,1,5,1761447315079,1761447315108,heavy,0.25,25.0,0.0,0,1,0.0,0,0,,,,,,
g2_rain_fade,RAIN_FADE,14,,300,2,11,ok,,,2,49.531999975442886,2010.0,5,9.754000000000012,0.03999999999996362,10.00500000000011,10.002208000514656,886.0,707.0,417.0,2010.0,2,2,1,5,1761447315738,1761447315765,heavy,0.25,25.0,0.0,0,1,0.0,0,0,,,,,,
g2_rain_fade,RAIN_FADE,14,,300,2,12,ok,,,2,49.480709014460444,2011.0,5,10.067,0.03600000000005821,9.864999999999782,9.86283298698254,886.0,709.0,416.0,2011.0,2,2,1,5,1761447316379,1761447316404,heavy,0.25,25.0,0.0,0,1,0.0,0,0,,,,,,
g2_rain_fade,RAIN_FADE,14,,300,2,13,ok,,,2,53.249499993398786,2010.0,5,9.919000000000004,0.03799999999955617,9.942999999999756,9.949958010111004,886.0,708.0,416.0,2010.0,2,2,1,5,1761447317005,1761447317034,heavy,0.25,25.0,0.0,0,1,0.0,0,0,,,,,,
g2_rain_fade,RAIN_FADE,14,,300,2,14,ok,,,2,52.456832985626534,2013.0,5,10.048999999999992,0.03600000000005821,9.843999999999596,9.841833001701161,887.0,709.0,417.0,2013.0,2,2,1,5,1761447317677,1761447317707,heavy,0.25,25.0,0.0,1,2,0.5,0,0,,,,,,
g2_rain_fade,RAIN_FADE,14,,300,2,15,ok,,,2,52.044250012841076,2014.0,5,10.356999999999992,0.0500000000001819,10.83199999999988,10.831291001522914,887.0,709.0,418.0,2014.0,2,2,1,5,1761447318432,1761447318461,heavy,0.25,25.0,0.0,0,1,0.0,0,0,,,,,,
g2_rain_fade,RAIN_FADE,14,,300,2,16,ok,,,2,48.612958984449506,2011.0,5,10.283999999999992,0.03499999999985448,9.84099999999944,9.838165977271274,886.0,709.0,416.0,2011.0,2,2,1,5,1761447319088,1761447319115,heavy,0.25,25.0,0.0,0,1,0.0,0,0,,,,,,
g2_rain_fade,RAIN_FADE,14,,300,2,17,ok,,,2,54.260749981040135,2008.0,5,10.110999999999997,0.03600000000005821,9.997999999999593,9.995915985200554,885.0,707.0,416.0,2008.0,2,2,1,5,1761447319703,1761447319732,heavy,0.25,25.0,0.0,0,1,0.0,0,0,,,,,,
g2_rain_fade,RAIN_FADE,14,,300,2,18,ok,,,2,49.419499991927296,2014.0,5,10.048000000000002,0.041999999998552084,9.896999999999935,9.895750001305714,888.0,709.0,417.0,2014.0,2,2,1,5,1761447320342,1761447320370,heavy,0.25,25.0,0.0,0,1,0.0,0,0,,,,,,
g2_rain_fade,RAIN_FADE,14,,300,2,19,ok,,,2,53.20104202837683,2009.0,5,9.888000000000002,0.037000000000261934,10.0600000000004,10.057417006464675,886.0,707.0,416.0,2009.0,2,2,1,5,1761447320929,1761447320957,heavy,0.25,25.0,0.0,0,1,0.0,0,0,,,,,,
g2_rain_fade,RAIN_FADE,14,,300,2,20,ok,,,2,53.99074999149889,2011.0,5,10.219000000000001,0.04900000000088767,9.919999999999618,9.915915987221524,886.0,708.0,417.0,2011.0,2,2,1,5,1761447321603,1761447321634,heavy,0.25,25.0,0.0,0,1,0.0,0,0,,,,,,
g2_rain_fade,RAIN_FADE,14,,400,2,1,ok,,,2,48.40866700396873,2013.0,5,9.938000000000002,0.039999999999054126,10.068000000000666,10.06379199679941,888.0,708.0,417.0,2013.0,2,2,1,5,1761447322243,1761447322268,heavy,0.25,25.0,0.0,0,1,0.0,0,0,,,,,,
g2_rain_fade,RAIN_FADE,14,,400,2,2,ok,,,2,51.84616701444611,2010.0,5,9.983999999999995,0.032000000001971785,9.978000000000065,9.9751660018228,886.0,709.0,415.0,2010.0,2,2,1,5,1761447322858,1761447322886,heavy,0.25,25.0,0.0,0,1,0.0,0,0,,,,,,
g2_rain_fade,RAIN_FADE,14,,400,2,3,ok,,,2,50.21583297639154,2011.0,5,9.772000000000006,0.03800000000046566,9.851000000000568,9.84879198949784,886.0,709.0,416.0,2011.0,2,2,1,5,1761447323536,1761447323565,heavy,0.25,25.0,0.0,0,1,0.0,0,0,,,,,,
g2_rain_fade,RAIN_FADE,14,,400,2,4,ok,,,2,51.940875011496246,2012.0,5,10.009999999999998,0.033999999999650754,9.91000000000031,9.906958002829924,887.0,709.0,416.0,2012.0,2,2,1,5,1761447324147,1761447324176,heavy,0.25,25.0,0.0,0,1,0.0,0,0,,,,,,
g2_rain_fade,RAIN_FADE,14,,400,2,5,ok,,,2,53.11091701150872,2005.0,5,9.876000000000005,0.0389999999988504,9.94900000000007,9.946333011612296,883.0,707.0,415.0,2005.0,2,2,1,5,1761447324775,1761447324804,heavy,0.25,25.0,0.0,0,1,0.0,0,0,,,,,,
g2_rain_fade,RAIN_FADE,14,,400,2,6,ok,,,2,52.65895798220299,2010.0,5,10.091000000000001,0.03800000000046566,9.933999999999742,9.930958010954782,886.0,708.0,416.0,2010.0,2,2,1,5,1761447325412,1761447325441,heavy,0.25,25.0,0.0,0,1,0.0,0,0,,,,,,
g2_rain_fade,RAIN_FADE,14,,400,2,7,ok,,,2,52.458708989433944,2012.0,5,10.148999999999994,0.040000000000873115,9.822000000000116,9.819541010074317,887.0,708.0,417.0,2012.0,2,2,1,5,1761447326069,1761447326099,heavy,0.25,25.0,0.0,0,1,0.0,0,0,,,,,,
g2_rain_fade,RAIN_FADE,14,,400,2,8,ok,,,2,47.8913749975618,2009.0,5,9.748000000000012,0.033999999999650754,9.96099999999933,9.958624985301867,886.0,708.0,415.0,2009.0,2,2,1,5,1761447326712,1761447326738,heavy,0.25,25.0,0.0,0,1,0.0,0,0,,,,,,
g2_rain_fade,RAIN_FADE,14,,400,2,9,ok,,,2,53.263959009200335,2013.0,5,9.921999999999993,0.03600000000005821,9.866999999999734,9.864042018307373,887.0,709.0,417.0,2013.0,2,2,1,5,1761447327315,1761447327343,heavy,0.25,25.0,0.0,0,1,0.0,0,0,,,,,,
g2_rain_fade,RAIN_FADE,14,,400,2,10,ok,,,2,46.65312499855645,2015.0,5,9.478000000000002,0.037000000000261934,10.122000000000298,10.120040999026969,889.0,708.0,418.0,2015.0,2,2,1,5,1761447327907,1761447327932,heavy,0.25,25.0,0.0,0,1,0.0,0,0,,,,,,
g2_rain_fade,RAIN_FADE,14,,400,2,11,ok,,,2,51.23541600187309,2007.0,5,9.859999999999992,0.036999999998442945,9.988000000000739,9.985332988435403,885.0,706.0,416.0,2007.0,2,2,1,5,1761447328548,1761447328576,heavy,0.25,25.0,0.0,0,1,0.0,0,0,,,,,,
g2_rain_fade,RAIN_FADE,14,,400,2,12,ok,,,2,54.8720009974204,2011.0,5,10.280999999999999,0.037000000000261934,10.42599999999993,10.42374997632578,887.0,708.0,416.0,2011.0,2,2,1,5,1761447329201,1761447329230,heavy,0.25,25.0,0.0,0,1,0.0,0,0,,,,,,
g2_rain_fade,RAIN_FADE,14,,400,2,13,ok,,,2,52.721124986419454,2005.0,5,9.922999999999995,0.033999999997831765,9.9699999999998,9.968541009584442,884.0,707.0,414.0,2005.0,2,2,1,5,1761447329810,1761447329839,heavy,0.25,25.0,0.0,0,1,0.0,0,0,,,,,,
g2_rain_fade,RAIN_FADE,14,,400,2,14,ok,,,2,49.22745798830874,2013.0,5,10.372999999999998,0.036999999998442945,10.05099999999993,10.048916999949142,888.0,708.0,417.0,2013.0,2,2,1,5,1761447330436,1761447330464,heavy,0.25,25.0,0.0,0,1,0.0,0,0,,,,,,
g2_rain_fade,RAIN_FADE,14,,400,2,15,ok,,,2,51.1651250126306,2012.0,5,10.193000000000001,0.03600000000005821,10.28400000000056,10.284624993801117,887.0,708.0,417.0,2012.0,2,2,1,5,1761447331015,1761447331045,heavy,0.25,25.0,0.0,0,1,0.0,0,0,,,,,,
g2_rain_fade,RAIN_FADE,14,,400,2,16,ok,,,2,51.73158401157707,2008.0,5,9.93099999999999,0.03800000000046566,9.916000000000167,9.91370901465416,885.0,708.0,415.0,2008.0,2,2,1,5,1761447331631,1761447331658,heavy,0.25,25.0,0.0,0,1,0.0,0,0,,,,,,
g2_rain_fade,RAIN_FADE,14,,400,2,17,ok,,,2,51.03158301790245,2012.0,5,9.838000000000001,0.037000000000261934,9.952000000000226,9.949791012331843,887.0,708.0,417.0,2012.0,2,2,1,5,1761447332295,1761447332324,heavy,0.25,25.0,0.0,0,1,0.0,0,0,,,,,,
g2_rain_fade,RAIN_FADE,14,,400,2,18,ok,,,2,50.172084011137486,2011.0,5,9.756000000000007,0.03800000000046566,9.94800000000032,9.945625002728775,886.0,709.0,416.0,2011.0,2,2,1,5,1761447332899,1761447332927,heavy,0.25,25.0,0.0,0,1,0.0,0,0,,,,,,
g2_rain_fade,RAIN_FADE,14,,400,2,19,ok,,,2,53.314999997382984,2011.0,5,9.712,0.037000000002080924,9.924999999999727,9.922875004122034,887.0,708.0,416.0,2011.0,2,2,1,5,1761447333523,1761447333552,heavy,0.25,25.0,0.0,0,1,0.0,0,0,,,,,,
g2_rain_fade,RAIN_FADE,14,,400,2,20,ok,,,2,48.2121660024859,2013.0,5,10.013999999999996,0.03799999999864667,10.156999999999698,10.155208001378924,887.0,707.0,419.0,2013.0,2,2,1,5,1761447334158,1761447334183,heavy,0.25,25.0,0.0,0,1,0.0,0,0,,,,,,
g2_rain_fade,RAIN_FADE,14,,300,2,1,ok,,,2,51.300917024491355,2013.0,5,9.926000000000002,0.03900000000066939,9.722000000000207,9.719416993902996,887.0,709.0,417.0,2013.0,2,2,1,5,1761447334898,1761447334926,storm,0.15,15.0,0.0,0,1,0.0,0,0,,,,,,
g2_rain_fade,RAIN_FADE,14,,300,2,2,ok,,,2,52.66475002281368,2011.0,5,9.868000000000002,0.039999999997235136,9.980999999999767,9.977541980333626,887.0,708.0,416.0,2011.0,2,2,1,5,1761447335532,1761447335562,storm,0.15,15.0,0.0,0,1,0.0,0,0,,,,,,
g2_rain_fade,RAIN_FADE,14,,300,2,3,ok,,,2,51.75312500796281,2012.0,5,10.073,0.03900000000066939,10.047999999999774,10.046041978057474,887.0,707.0,418.0,2012.0,2,2,1,5,1761447336181,1761447336211,storm,0.15,15.0,0.0,0,1,0.0,0,0,,,,,,
g2_rain_fade,RAIN_FADE,14,,300,2,4,ok,,,2,51.78512498969212,2010.0,5,9.919999999999995,0.03499999999803549,9.956000000000131,9.962166979676113,886.0,708.0,416.0,2010.0,2,2,1,5,1761447336840,1761447336869,storm,0.15,15.0,0.0,0,1,0.0,0,0,,,,,,
g2_rain_fade,RAIN_FADE,14,,300,2,5,ok,,,2,49.64991699671373,2002.0,5,9.96,0.03799999999864667,9.8449999999998,9.84191699535586,882.0,707.0,413.0,2002.0,2,2,1,5,1761447337472,1761447337498,storm,0.15,15.0,0.0,0,1,0.0,0,0,,,,,,
g2_rain_fade,RAIN_FADE,14,,300,2,6,ok,,,2,52.045707998331636,2011.0,5,9.902999999999999,0.03799999999864667,10.088999999999942,10.0869580055587,886.0,708.0,417.0,2011.0,2,2,1,5,1761447338067,1761447338097,storm,0.15,15.0,0.0,0,1,0.0,0,0,,,,,,
g2_rain_fade,RAIN_FADE,14,,300,2,7,ok,,,2,51.63483301294036,2015.0,5,10.035000000000004,0.03900000000066939,10.008000000000266,10.004416020819917,888.0,708.0,419.0,2015.0,2,2,1,5,1761447338695,1761447338723,storm,0.15,15.0,0.0,0,1,0.0,0,0,,,,,,
g2_rain_fade,RAIN_FADE,14,,300,2,8,ok,,,2,70.26079201023094,2015.0,5,18.512999999999998,0.06099999999969441,15.605000000000473,15.598500001942739,888.0,708.0,419.0,2015.0,2,2,1,5,1761447339819,1761447339857,storm,0.15,15.0,0.0,3,4,0.75,0,0,,,,,,
g2_rain_fade,RAIN_FADE,14,,300,2,9,ok,,,2,52.648834011051804,2015.0,5,9.899999999999999,0.03800000000228465,10.123999999999796,10.130792012205347,888.0,708.0,419.0,2015.0,2,2,1,5,1761447340557,1761447340587,storm,0.15,15.0,0.0,0,1,0.0,0,0,,,,,,
g2_rain_fade,RAIN_FADE,14,,300,2,10,ok,,,2,55.429625004762784,2013.0,5,10.189,0.03799999999864667,10.027000000000044,10.0244999921415,887.0,709.0,417.0,2013.0,2,2,1,5,1761447341182,1761447341214,storm,0.15,15.0,0.0,0,1,0.0,0,0,,,,,,
g2_rain_fade,RAIN_FADE,14,,300,2,11,ok,,,2,52.137209015199915,2013.0,5,10.158000000000001,0.03600000000005821,9.923999999999523,9.922249999362975,887.0,709.0,417.0,2013.0,2,2,1,5,1761447341816,1761447341847,storm,0.15,15.0,0.0,0,1,0.0,0,0,,,,,,
g2_rain_fade,RAIN_FADE,14,,300,2,12,ok,,,2,52.963583992095664,2017.0,5,10.216000000000008,0.04199999999946158,10.165000000000418,10.163166996790096,889.0,709.0,419.0,2017.0,2,2,1,5,1761447342454,1761447342483,storm,0.15,15.0,0.0,0,1,0.0,0,0,,,,,,
g2_rain_fade,RAIN_FADE,14,,300,2,13,ok,,,2,52.380000008270144,2013.0,5,9.918000000000006,0.03600000000005821,9.955999999999676,9.954165987437591,887.0,709.0,417.0,2013.0,2,2,1,5,1761447343051,1761447343079,storm,0.15,15.0,0.0,0,1,0.0,0,0,,,,,,
g2_rain_fade,RAIN_FADE,14,,300,2,14,ok,,,2,48.996917001204565,2018.0,5,9.863,0.033999999999650754,10.012999999999465,10.011290985858068,890.0,709.0,419.0,2018.0,2,2,1,5,1761447343664,1761447343691,storm,0.15,15.0,0.0,0,1,0.0,0,0,,,,,,
g2_rain_fade,RAIN_FADE,14,,300,2,15,ok,,,2,52.83550001331605,2015.0,5,9.928999999999995,0.03799999999864667,10.021000000000186,10.018000000854954,888.0,708.0,419.0,2015.0,2,2,1,5,1761447344319,1761447344348,storm,0.15,15.0,0.0,0,1,0.0,0,0,,,,,,
g2_rain_fade,RAIN_FADE,14,,300,2,16,ok,,,2,53.545083006611094,2011.0,5,9.822999999999993,0.03900000000248838,9.829999999999927,9.827583999140188,886.0,708.0,417.0,2011.0,2,2,1,5,1761447344919,1761447344949,storm,0.15,15.0,0.0,0,1,0.0,0,0,,,,,,
g2_rain_fade,RAIN_FADE,14,,300,2,17,ok,,,2,49.8265829810407,2010.0,5,9.669999999999995,0.03900000000066939,9.911999999999807,9.910041990224272,886.0,708.0,416.0,2010.0,2,2,1,5,1761447345536,1761447345563,storm,0.15,15.0,0.0,0,1,0.0,0,0,,,,,,
g2_rain_fade,RAIN_FADE,14,,300,2,18,ok,,,2,49.871333001647145,2005.0,5,9.931000000000004,0.03799999999864667,9.960000000000036,9.957000002032146,884.0,706.0,415.0,2005.0,2,2,1,5,1761447346186,1761447346215,storm,0.15,15.0,0.0,0,1,0.0,0,0,,,,,,
g2_rain_fade,RAIN_FADE,14,,300,2,19,ok,,,2,50.863916985690594,2014.0,5,10.006,0.0389999999988504,10.00799999999981,10.005082993302494,887.0,709.0,418.0,2014.0,2,2,1,5,1761447346810,1761447346838,storm,0.15,15.0,0.0,0,1,0.0,0,0,,,,,,
g2_rain_fade,RAIN_FADE,14,,300,2,20,ok,,,2,57.74516600649804,2014.0,5,10.36099999999999,0.05200000000149885,10.353999999999814,10.349666990805417,888.0,708.0,418.0,2014.0,2,2,1,5,1761447347433,1761447347466,storm,0.15,15.0,0.0,0,1,0.0,0,0,,,,,,
g2_rain_fade,RAIN_FADE,14,,400,2,1,ok,,,2,51.49408298893832,2011.0,5,10.113999999999997,0.03599999999823922,9.839000000000397,9.837166988290846,886.0,708.0,417.0,2011.0,2,2,1,5,1761447348024,1761447348053,storm,0.15,15.0,0.0,0,1,0.0,0,0,,,,,,
g2_rain_fade,RAIN_FADE,14,,400,2,2,ok,,,2,49.63504199986346,2016.0,5,10.190000000000005,0.040000000000873115,10.03399999999965,10.030874982476234,889.0,709.0,418.0,2016.0,2,2,1,5,1761447348644,1761447348669,storm,0.15,15.0,0.0,0,1,0.0,0,0,,,,,,
g2_rain_fade,RAIN_FADE,14,,400,2,3,ok,,,2,53.37216699263081,2009.0,5,9.995999999999999,0.039999999999054126,9.920000000000073,9.91720799356699,886.0,708.0,415.0,2009.0,2,2,1,5,1761447349226,1761447349257,storm,0.15,15.0,0.0,0,1,0.0,0,0,,,,,,
g2_rain_fade,RAIN_FADE,14,,400,2,4,ok,,,2,50.26245798217133,2011.0,5,9.537000000000003,0.033999999999650754,9.834000000000287,9.831875009695068,887.0,708.0,416.0,2011.0,2,2,1,5,1761447349869,1761447349897,storm,0.15,15.0,0.0,0,1,0.0,0,0,,,,,,
g2_rain_fade,RAIN_FADE,14,,400,2,5,ok,,,2,47.93237498961389,2012.0,5,9.630000000000003,0.033999999999650754,9.871000000000095,9.869417001027614,887.0,708.0,417.0,2012.0,2,2,1,5,1761447350494,1761447350521,storm,0.15,15.0,0.0,0,1,0.0,0,0,,,,,,
g2_rain_fade,RAIN_FADE,14,,400,2,6,ok,,,2,50.92829201021232,2008.0,5,10.175000000000004,0.036999999998442945,9.9350000000004,9.936040994944051,885.0,708.0,415.0,2008.0,2,2,1,5,1761447351131,1761447351159,storm,0.15,15.0,0.0,0,1,0.0,0,0,,,,,,
g2_rain_fade,RAIN_FADE,14,,400,2,7,ok,,,2,52.68749999231659,2017.0,5,9.975999999999999,0.03400000000146974,10.088000000000648,10.086458001751453,889.0,709.0,419.0,2017.0,2,2,1,5,1761447351741,1761447351772,storm,0.15,15.0,0.0,0,1,0.0,0,0,,,,,,
g2_rain_fade,RAIN_FADE,14,,400,2,8,ok,,,2,51.88691598596051,2008.0,5,9.659000000000006,0.03800000000046566,9.909999999999854,9.907415980705991,885.0,707.0,416.0,2008.0,2,2,1,5,1761447352375,1761447352402,storm,0.15,15.0,0.0,0,1,0.0,0,0,,,,,,
g2_rain_fade,RAIN_FADE,14,,400,2,9,ok,,,2,56.145708018448204,2013.0,5,10.069000000000003,0.03299999999944703,9.980000000000473,9.977334004361182,887.0,709.0,417.0,2013.0,2,2,1,5,1761447352966,1761447352998,storm,0.15,15.0,0.0,0,1,0.0,0,0,,,,,,
g2_rain_fade,RAIN_FADE,14,,400,2,10,ok,,,2,52.82104102661833,2014.0,5,10.094999999999999,0.033000000003085006,10.11199999999917,10.10975000099279,888.0,709.0,417.0,2014.0,2,2,1,5,1761447353622,1761447353652,storm,0.15,15.0,0.0,0,1,0.0,0,0,,,,,,
g2_rain_fade,RAIN_FADE,14,,400,2,11,ok,,,2,53.96849999669939,2013.0,5,10.279999999999994,0.03900000000066939,10.05199999999968,10.049000004073605,887.0,708.0,418.0,2013.0,2,2,1,5,1761447354254,1761447354285,storm,0.15,15.0,0.0,0,1,0.0,0,0,,,,,,
g2_rain_fade,RAIN_FADE,14,,400,2,12,ok,,,2,56.31766698206775,2018.0,5,9.965999999999994,0.037000000000261934,10.210999999999785,10.208416992099956,890.0,709.0,419.0,2018.0,2,2,1,5,1761447354875,1761447354908,storm,0.15,15.0,0.0,0,1,0.0,0,0,,,,,,
g2_rain_fade,RAIN_FADE,14,,400,2,13,ok,,,2,51.95275001460686,2017.0,5,10.000999999999994,0.03199999999742431,10.132000000000517,10.129083995707333,889.0,709.0,419.0,2017.0,2,2,1,5,1761447355464,1761447355494,storm,0.15,15.0,0.0,0,1,0.0,0,0,,,,,,
g2_rain_fade,RAIN_FADE,14,,400,2,14,ok,,,2,52.53783299122006,2007.0,5,9.847000000000008,0.0389999999988504,9.979000000000724,9.976582980016246,884.0,707.0,416.0,2007.0,2,2,1,5,1761447356095,1761447356124,storm,0.15,15.0,0.0,0,1,0.0,0,0,,,,,,
g2_rain_fade,RAIN_FADE,14,,400,2,15,ok,,,2,53.44449999392964,2015.0,5,10.06000000000001,0.03500000000167347,10.098000000000866,10.095707984874025,888.0,708.0,419.0,2015.0,2,2,1,5,1761447356692,1761447356723,storm,0.15,15.0,0.0,0,1,0.0,0,0,,,,,,
g2_rain_fade,RAIN_FADE,14,,400,2,16,ok,,,2,51.30916598136537,2012.0,5,9.952000000000005,0.033999999999650754,9.86200000000008,9.859916986897588,887.0,709.0,416.0,2012.0,2,2,1,5,1761447357311,1761447357339,storm,0.15,15.0,0.0,0,1,0.0,0,0,,,,,,
g2_rain_fade,RAIN_FADE,14,,400,2,17,ok,,,2,49.19858300127089,2014.0,5,9.584000000000003,0.036999999998442945,9.799000000000888,9.796208993066102,888.0,709.0,417.0,2014.0,2,2,1,5,1761447357922,1761447357949,storm,0.15,15.0,0.0,0,1,0.0,0,0,,,,,,
g2_rain_fade,RAIN_FADE,14,,400,2,18,ok,,,2,56.40854200464673,2014.0,5,10.086999999999996,0.03800000000228465,10.126999999999498,10.123540996573865,888.0,708.0,418.0,2014.0,2,2,1,5,1761447358591,1761447358624,storm,0.15,15.0,0.0,0,1,0.0,0,0,,,,,,
g2_rain_fade,RAIN_FADE,14,,400,2,19,ok,,,2,50.80299999099225,2012.0,5,10.152999999999999,0.03499999999803549,10.120999999998276,10.11908400687389,887.0,708.0,417.0,2012.0,2,2,1,5,1761447359196,1761447359226,storm,0.15,15.0,0.0,0,1,0.0,0,0,,,,,,
g2_rain_fade,RAIN_FADE,14,,400,2,20,ok,,,2,53.30770797445439,2013.0,5,10.169999999999995,0.04899999999906868,10.26299999999992,10.259332979330793,887.0,708.0,418.0,2013.0,2,2,1,5,1761447360199,1761447360230,storm,0.15,15.0,0.0,0,3,0.0,0,0,,,,,,
g2_rain_fade,RAIN_FADE,24,,300,2,1,ok,,,2,57.59599999873899,2012.0,5,10.155999999999999,0.0389999999988504,9.984000000000378,9.981749986764044,886.0,709.0,417.0,2012.0,2,2,1,5,1761447360911,1761447360946,light,0.8,80.0,0.0,0,1,0.0,0,0,,,,,,
g2_rain_fade,RAIN_FADE,24,,300,2,2,ok,,,2,64.56708299810998,2017.0,5,10.313000000000002,0.03900000000066939,10.541999999998552,10.540708986809477,889.0,709.0,419.0,2017.0,2,2,1,5,1761447361568,1761447361609,light,0.8,80.0,0.0,0,1,0.0,0,0,,,,,,
g2_rain_fade,RAIN_FADE,24,,300,2,3,ok,,,2,60.269499983405694,2012.0,5,10.178000000000004,0.03800000000228465,10.022000000000844,10.01983301830478,887.0,708.0,417.0,2012.0,2,2,1,5,1761447362182,1761447362221,light,0.8,80.0,0.0,0,1,0.0,0,0,,,,,,
g2_rain_fade,RAIN_FADE,24,,300,2,4,ok,,,2,57.145458995364606,2018.0,5,10.003999999999998,0.037000000000261934,10.215000000000146,10.211000015260652,890.0,709.0,419.0,2018.0,2,2,1,5,1761447362804,1761447362840,light,0.8,80.0,0.0,0,1,0.0,0,0,,,,,,
g2_rain_fade,RAIN_FADE,24,,300,2,5,ok,,,2,65.37200001184829,2013.0,5,10.213000000000001,0.0389999999988504,10.442000000000007,10.440208978252485,887.0,708.0,418.0,2013.0,2,2,1,5,1761447363410,1761447363450,light,0.8,80.0,0.0,0,1,0.0,0,0,,,,,,
g2_rain_fade,RAIN_FADE,24,,300,2,6,ok,,,2,63.74150002375245,2016.0,5,10.173999999999992,0.039999999999054126,10.174999999999272,10.172207985306159,889.0,708.0,419.0,2016.0,2,2,1,5,1761447364073,1761447364111,light,0.8,80.0,0.0,0,1,0.0,0,0,,,,,,
g2_rain_fade,RAIN_FADE,24,,300,2,7,ok,,,2,59.28274997859262,2013.0,5,10.375,0.042999999999665306,10.182999999999993,10.18041602219455,888.0,708.0,417.0,2013.0,2,2,1,5,1761447364728,1761447364765,light,0.8,80.0,0.0,0,1,0.0,0,0,,,,,,
g2_rain_fade,RAIN_FADE,24,,300,2,8,ok,,,2,62.917167000705376,2010.0,5,10.249000000000002,0.03800000000228465,10.130999999998494,10.129582980880514,886.0,706.0,418.0,2010.0,2,2,1,5,1761447365392,1761447365434,light,0.8,80.0,0.0,0,1,0.0,0,0,,,,,,
g2_rain_fade,RAIN_FADE,24,,300,2,9,ok,,,2,58.54291599825956,2017.0,5,10.007999999999996,0.03900000000066939,10.059000000000196,10.056041995994747,889.0,709.0,419.0,2017.0,2,2,1,5,1761447366030,1761447366063,light,0.8,80.0,0.0,0,1,0.0,0,0,,,,,,
g2_rain_fade,RAIN_FADE,24,,300,2,10,ok,,,2,66.04908299050294,2016.0,5,10.280999999999992,0.040000000002692104,10.415000000000873,10.41166702634655,889.0,709.0,418.0,2016.0,2,2,1,5,1761447366664,1761447366704,light,0.8,80.0,0.0,0,1,0.0,0,0,,,,,,
g2_rain_fade,RAIN_FADE,24,,300,2,11,ok,,,2,61.71733298106119,2012.0,5,10.195999999999998,0.040000000000873115,10.178000000000793,10.176500014495105,888.0,707.0,417.0,2012.0,2,2,1,5,1761447367310,1761447367350,light,0.8,80.0,0.0,0,1,0.0,0,0,,,,,,
g2_rain_fade,RAIN_FADE,24,,300,2,12,ok,,,2,61.120750004192814,2017.0,5,10.225999999999999,0.03799999999864667,10.095000000001164,10.092083015479147,889.0,709.0,419.0,2017.0,2,2,1,5,1761447367944,1761447367982,light,0.8,80.0,0.0,0,1,0.0,0,0,,,,,,
g2_rain_fade,RAIN_FADE,24,,300,2,13,ok,,,2,64.55008298507892,2016.0,5,10.429000000000002,0.036999999998442945,10.31500000000051,10.312375001376495,889.0,709.0,418.0,2016.0,2,2,1,5,1761447368603,1761447368644,light,0.8,80.0,0.0,0,2,0.0,0,0,,,,,,
g2_rain_fade,RAIN_FADE,24,,300,2,14,ok,,,2,57.09279200527817,2007.0,5,10.01799999999999,0.0389999999988504,9.916000000000167,9.913916990626603,884.0,707.0,416.0,2007.0,2,2,1,5,1761447369407,1761447369443,light,0.8,80.0,0.0,0,1,0.0,0,0,,,,,,
g2_rain_fade,RAIN_FADE,24,,300,2,15,ok,,,2,62.84908301313408,2010.0,5,10.207,0.046000000000276486,10.358000000000175,10.355250007705763,887.0,706.0,417.0,2010.0,2,2,1,5,1761447370039,1761447370080,light,0.8,80.0,0.0,0,1,0.0,0,0,,,,,,
g2_rain_fade,RAIN_FADE,24,,300,2,16,ok,,,2,58.15587501274422,2015.0,5,9.905000000000001,0.04099999999743886,10.059999999998581,10.056667000753805,888.0,708.0,419.0,2015.0,2,2,1,5,1761447370688,1761447370725,light,0.8,80.0,0.0,0,1,0.0,0,0,,,,,,
g2_rain_fade,RAIN_FADE,24,,300,2,17,ok,,,2,62.544249987695366,2015.0,5,9.980000000000004,0.03600000000005821,10.246000000001004,10.244417004287243,888.0,708.0,419.0,2015.0,2,2,1,5,1761447371319,1761447371360,light,0.8,80.0,0.0,0,1,0.0,0,0,,,,,,
g2_rain_fade,RAIN_FADE,24,,300,2,18,ok,,,2,63.529000006383285,2014.0,5,10.293999999999997,0.0389999999988504,10.006999999999607,10.033082973677665,887.0,708.0,419.0,2014.0,2,2,1,5,1761447371973,1761447372012,light,0.8,80.0,0.0,0,1,0.0,0,0,,,,,,
g2_rain_fade,RAIN_FADE,24,,300,2,19,ok,,,2,64.00433302042075,2015.0,5,10.341000000000001,0.04800000000068394,10.609999999999673,10.612874990329146,888.0,708.0,419.0,2015.0,2,2,1,5,1761447372633,1761447372673,light,0.8,80.0,0.0,0,2,0.0,0,0,,,,,,
g2_rain_fade,RAIN_FADE,24,,300,2,20,ok,,,2,61.6112090065144,2015.0,5,10.020000000000003,0.033999999999650754,10.142000000000735,10.148041998036206,889.0,708.0,418.0,2015.0,2,2,1,5,1761447373312,1761447373350,light,0.8,80.0,0.0,0,1,0.0,0,0,,,,,,
g2_rain_fade,RAIN_FADE,24,,400,2,1,ok,,,2,59.80729099246673,2013.0,5,10.260999999999996,0.03799999999864667,10.260000000000218,10.25779198971577,887.0,708.0,418.0,2013.0,2,2,1,5,1761447373996,1761447374035,light,0.8,80.0,0.0,0,1,0.0,0,0,,,,,,
g2_rain_fade,RAIN_FADE,24,,400,2,2,ok,,,2,65.51841701730154,2014.0,5,10.620999999999995,0.06699999999909778,10.514999999999418,10.516042006202042,888.0,708.0,418.0,2014.0,2,2,1,5,1761447374682,1761447374722,light,0.8,80.0,0.0,0,2,0.0,0,0,,,,,,
g2_rain_fade,RAIN_FADE,24,,400,2,3,ok,,,2,58.02099997526966,2013.0,5,9.959000000000003,0.0389999999988504,10.172999999999774,10.170042020035908,887.0,708.0,418.0,2013.0,2,2,1,5,1761447375437,1761447375473,light,0.8,80.0,0.0,0,1,0.0,0,0,,,,,,
g2_rain_fade,RAIN_FADE,24,,400,2,4,ok,,,2,63.46062500961125,2015.0,5,10.310999999999993,0.04200000000128057,10.295000000000073,10.293416999047622,888.0,708.0,419.0,2015.0,2,2,1,5,1761447376068,1761447376109,light,0.8,80.0,0.0,1,2,0.5,0,0,,,,,,
g2_rain_fade,RAIN_FADE,24,,400,2,5,ok,,,2,65.0523750227876,2014.0,5,10.143,0.04200000000128057,10.220999999999549,10.218082985375077,888.0,708.0,418.0,2014.0,2,2,1,5,1761447376865,1761447376908,light,0.8,80.0,0.0,0,1,0.0,0,0,,,,,,
g2_rain_fade,RAIN_FADE,24,,400,2,6,ok,,,2,66.93816700135358,2010.0,5,10.537000000000006,0.04199999999946158,10.312999999999192,10.31070901080966,886.0,707.0,417.0,2010.0,2,2,1,5,1761447377533,1761447377577,light,0.8,80.0,0.0,0,1,0.0,0,0,,,,,,
g2_rain_fade,RAIN_FADE,24,,400,2,7,ok,,,2,64.09708398859948,2013.0,5,10.069000000000003,0.03499999999985448,10.28900000000067,10.286541015375406,887.0,708.0,418.0,2013.0,2,2,1,5,1761447378180,1761447378220,light,0.8,80.0,0.0,0,1,0.0,0,0,,,,,,
g2_rain_fade,RAIN_FADE,24,,400,2,8,ok,,,2,61.26250000670552,2010.0,5,9.948,0.03499999999985448,10.05200000000059,10.051374993054196,886.0,707.0,417.0,2010.0,2,2,1,5,1761447378765,1761447378804,light,0.8,80.0,0.0,0,1,0.0,0,0,,,,,,
g2_rain_fade,RAIN_FADE,24,,400,2,9,ok,,,2,58.98358300328255,2012.0,5,10.163000000000004,0.03900000000066939,10.074999999998909,10.072082979604602,887.0,707.0,418.0,2012.0,2,2,1,5,1761447379403,1761447379439,light,0.8,80.0,0.0,0,1,0.0,0,0,,,,,,
g2_rain_fade,RAIN_FADE,24,,400,2,10,ok,,,2,63.35241699707694,2018.0,5,10.247999999999998,0.037000000000261934,10.122000000000298,10.120291990460828,890.0,709.0,419.0,2018.0,2,2,1,5,1761447380025,1761447380064,light,0.8,80.0,0.0,1,2,0.5,0,0,,,,,,
g2_rain_fade,RAIN_FADE,24,,400,2,11,ok,,,2,62.39933398319408,2013.0,5,9.960999999999999,0.039999999999054126,10.253999999999905,10.261000017635524,888.0,707.0,418.0,2013.0,2,2,1,5,1761447380798,1761447380835,light,0.8,80.0,0.0,0,1,0.0,0,0,,,,,,
g2_rain_fade,RAIN_FADE,24,,400,2,12,ok,,,2,60.11495800339617,2011.0,5,10.253,0.03599999999823922,10.11200000000008,10.10916699306108,886.0,708.0,417.0,2011.0,2,2,1,5,1761447381408,1761447381447,light,0.8,80.0,0.0,0,1,0.0,0,0,,,,,,
g2_rain_fade,RAIN_FADE,24,,400,2,13,ok,,,2,65.14212500769645,2013.0,5,10.580999999999992,0.03800000000046566,10.350000000000364,10.34733300912194,887.0,708.0,418.0,2013.0,2,2,1,5,1761447382064,1761447382105,light,0.8,80.0,0.0,0,2,0.0,0,0,,,,,,
g2_rain_fade,RAIN_FADE,24,,400,2,14,ok,,,2,84.89783300319687,2015.0,5,12.908000000000001,0.05000000000291038,24.443999999999505,24.44066700991243,888.0,709.0,418.0,2015.0,2,2,1,5,1761447382784,1761447382830,light,0.8,80.0,0.0,0,2,0.0,0,0,,,,,,
g2_rain_fade,RAIN_FADE,24,,400,2,15,ok,,,2,56.739916995866224,2014.0,5,9.951,0.04100000000107684,10.170999999998457,10.168874985538423,888.0,708.0,418.0,2014.0,2,2,1,5,1761447383513,1761447383549,light,0.8,80.0,0.0,0,1,0.0,0,0,,,,,,
g2_rain_fade,RAIN_FADE,24,,400,2,16,ok,,,2,60.552666982403025,2013.0,5,10.456,0.037000000000261934,10.338999999999942,10.335250000935048,888.0,707.0,418.0,2013.0,2,2,1,5,1761447384215,1761447384254,light,0.8,80.0,0.0,0,2,0.0,0,0,,,,,,
g2_rain_fade,RAIN_FADE,24,,400,2,17,ok,,,2,64.77029199595563,2016.0,5,10.257000000000005,0.053000000001702574,10.338999999999032,10.336165985791013,889.0,708.0,419.0,2016.0,2,2,1,5,1761447384958,1761447384997,light,0.8,80.0,0.0,0,1,0.0,0,0,,,,,,
g2_rain_fade,RAIN_FADE,24,,400,2,18,ok,,,2,61.77000000025146,2015.0,5,10.054000000000002,0.03900000000066939,10.28899999999976,10.286167002050206,888.0,709.0,418.0,2015.0,2,2,1,5,1761447385626,1761447385665,light,0.8,80.0,0.0,0,1,0.0,0,0,,,,,,
g2_rain_fade,RAIN_FADE,24,,400,2,19,ok,,,2,67.44112499291077,2018.0,5,11.728000000000002,0.037000000000261934,10.359999999999673,10.357541003031656,890.0,709.0,419.0,2018.0,2,2,1,5,1761447386270,1761447386312,light,0.8,80.0,0.0,0,2,0.0,0,0,,,,,,
g2_rain_fade,RAIN_FADE,24,,400,2,20,ok,,,2,59.73958401591517,2012.0,5,10.213999999999999,0.040000000000873115,9.925000000000182,9.922208002535626,887.0,708.0,417.0,2012.0,2,2,1,5,1761447386983,1761447387020,light,0.8,80.0,0.0,0,1,0.0,0,0,,,,,,
g2_rain_fade,RAIN_FADE,24,,300,2,1,ok,,,2,62.88712500827387,2012.0,5,9.99799999999999,0.04100000000107684,10.076999999999316,10.073665995150805,887.0,707.0,418.0,2012.0,2,2,1,5,1761447387717,1761447387757,moderate,0.5,50.0,0.0,0,1,0.0,0,0,,,,,,
g2_rain_fade,RAIN_FADE,24,,300,2,2,ok,,,2,64.07241598935798,2018.0,5,10.168,0.040000000000873115,10.525000000000546,10.522583994315937,890.0,709.0,419.0,2018.0,2,2,1,5,1761447388358,1761447388397,moderate,0.5,50.0,0.0,0,1,0.0,0,0,,,,,,
g2_rain_fade,RAIN_FADE,24,,300,2,3,ok,,,2,62.254584016045555,2013.0,5,10.331000000000003,0.0540000000019063,10.864999999999782,10.872915998334065,887.0,708.0,418.0,2013.0,2,2,1,5,1761447389045,1761447389083,moderate,0.5,50.0,0.0,0,2,0.0,0,0,,,,,,
g2_rain_fade,RAIN_FADE,24,,300,2,4,ok,,,2,60.69766700966284,2017.0,5,10.271,0.04299999999784632,10.092999999999847,10.090916999615729,889.0,709.0,419.0,2017.0,2,2,1,5,1761447389759,1761447389795,moderate,0.5,50.0,0.0,0,1,0.0,0,0,,,,,,
g2_rain_fade,RAIN_FADE,24,,300,2,5,ok,,,2,55.59549998724833,2009.0,5,10.254999999999995,0.03499999999985448,9.97399999999925,9.971332998247817,885.0,708.0,416.0,2009.0,2,2,1,5,1761447390397,1761447390432,moderate,0.5,50.0,0.0,0,1,0.0,0,0,,,,,,
g2_rain_fade,RAIN_FADE,24,,300,2,6,ok,,,2,60.558708995813504,2012.0,5,10.093999999999987,0.04099999999925785,10.041000000000167,10.046000010333955,887.0,707.0,418.0,2012.0,2,2,1,5,1761447391043,1761447391081,moderate,0.5,50.0,0.0,0,1,0.0,0,0,,,,,,
g2_rain_fade,RAIN_FADE,24,,300,2,7,ok,,,2,59.463290992425755,2015.0,5,10.403999999999996,0.03599999999823922,10.28399999999965,10.281166003551334,888.0,709.0,418.0,2015.0,2,2,1,5,1761447391698,1761447391735,moderate,0.5,50.0,0.0,1,2,0.5,0,0,,,,,,
g2_rain_fade,RAIN_FADE,24,,300,2,8,ok,,,2,60.47208298696205,2017.0,5,10.466000000000001,0.04899999999724969,10.350999999999658,10.404291999293491,889.0,709.0,419.0,2017.0,2,2,1,5,1761447392454,1761447392492,moderate,0.5,50.0,0.0,0,1,0.0,0,0,,,,,,
g2_rain_fade,RAIN_FADE,24,,300,2,9,ok,,,2,65.7786249939818,2017.0,5,10.270000000000003,0.03600000000005821,10.305000000000291,10.302125010639429,889.0,709.0,419.0,2017.0,2,2,1,5,1761447393062,1761447393102,moderate,0.5,50.0,0.0,0,1,0.0,0,0,,,,,,
g2_rain_fade,RAIN_FADE,24,,300,2,10,ok,,,2,59.945750021142885,2005.0,5,9.857999999999997,0.03799999999864667,9.987999999999374,9.985916025470942,884.0,706.0,415.0,2005.0,2,2,1,5,1761447393710,1761447393747,moderate,0.5,50.0,0.0,0,1,0.0,0,0,,,,,,
g2_rain_fade,RAIN_FADE,24,,300,2,11,ok,,,2,60.57841700385325,2014.0,5,10.055,0.03499999999985448,10.140999999999622,10.138957994058728,888.0,708.0,418.0,2014.0,2,2,1,5,1761447394350,1761447394386,moderate,0.5,50.0,0.0,0,1,0.0,0,0,,,,,,
g2_rain_fade,RAIN_FADE,24,,300,2,12,ok,,,2,60.04395801573992,2012.0,5,10.218999999999987,0.03900000000066939,10.338000000000648,10.335583006963134,887.0,707.0,418.0,2012.0,2,2,1,5,1761447394962,1761447395000,moderate,0.5,50.0,0.0,0,1,0.0,0,0,,,,,,
g2_rain_fade,RAIN_FADE,24,,300,2,13,ok,,,2,59.58224998903461,2008.0,5,10.005999999999993,0.0360000000018772,10.167999999999665,10.165916988626122,885.0,706.0,417.0,2008.0,2,2,1,5,1761447395573,1761447395610,moderate,0.5,50.0,0.0,1,2,0.5,0,0,,,,,,
g2_rain_fade,RAIN_FADE,24,,300,2,14,ok,,,2,59.88120802794583,2014.0,5,10.009999999999998,0.04099999999925785,10.286999999999352,10.284374991897494,888.0,708.0,418.0,2014.0,2,2,1,5,1761447396373,1761447396411,moderate,0.5,50.0,0.0,0,1,0.0,0,0,,,,,,
g2_rain_fade,RAIN_FADE,24,,300,2,15,ok,,,2,66.33245901321061,2016.0,5,10.555999999999997,0.039999999999054126,10.358000000000175,10.355915990658104,889.0,708.0,419.0,2016.0,2,2,1,5,1761447397003,1761447397045,moderate,0.5,50.0,0.0,0,1,0.0,0,0,,,,,,
g2_rain_fade,RAIN_FADE,24,,300,2,16,ok,,,2,64.18770799064077,2014.0,5,10.282999999999994,0.03899999999703141,10.235000000000582,10.232041997369379,888.0,708.0,418.0,2014.0,2,2,1,5,1761447397640,1761447397680,moderate,0.5,50.0,0.0,0,2,0.0,0,0,,,,,,
g2_rain_fade,RAIN_FADE,24,,300,2,17,ok,,,2,59.273791004670784,2017.0,5,10.142000000000003,0.04099999999925785,10.150000000000546,10.147124994546175,889.0,709.0,419.0,2017.0,2,2,1,5,1761447398350,1761447398385,moderate,0.5,50.0,0.0,0,1,0.0,0,0,,,,,,
g2_rain_fade,RAIN_FADE,24,,300,2,18,ok,,,2,62.30150000192225,2014.0,5,13.527999999999992,0.06099999999787542,11.860999999999876,11.860250000609085,888.0,708.0,418.0,2014.0,2,2,1,5,1761447399012,1761447399046,moderate,0.5,50.0,0.0,0,1,0.0,0,0,,,,,,
g2_rain_fade,RAIN_FADE,24,,300,2,19,ok,,,2,59.51374999131076,2015.0,5,10.369999999999997,0.03900000000066939,10.23200000000088,10.228166007436812,888.0,709.0,418.0,2015.0,2,2,1,5,1761447399612,1761447399648,moderate,0.5,50.0,0.0,0,1,0.0,0,0,,,,,,
g2_rain_fade,RAIN_FADE,24,,300,2,20,ok,,,2,59.37854200601578,2013.0,5,10.183000000000007,0.037000000000261934,10.179000000000087,10.176792013226077,888.0,707.0,418.0,2013.0,2,2,1,5,1761447400251,1761447400288,moderate,0.5,50.0,0.0,0,1,0.0,0,0,,,,,,
g2_rain_fade,RAIN_FADE,24,,400,2,1,ok,,,2,62.42070798180066,2014.0,5,10.446999999999996,0.040000000000873115,10.248999999999796,10.24691600468941,888.0,708.0,418.0,2014.0,2,2,1,5,1761447400915,1761447400953,moderate,0.5,50.0,0.0,0,1,0.0,0,0,,,,,,
g2_rain_fade,RAIN_FADE,24,,400,2,2,ok,,,2,61.82195802102797,2013.0,5,10.367000000000004,0.0389999999988504,10.332000000000335,10.329833981813863,887.0,708.0,418.0,2013.0,2,2,1,5,1761447401574,1761447401612,moderate,0.5,50.0,0.0,0,1,0.0,0,0,,,,,,
g2_rain_fade,RAIN_FADE,24,,400,2,3,ok,,,2,58.85920801665634,2012.0,5,10.053999999999995,0.03499999999985448,10.230999999998858,10.228667000774294,887.0,707.0,418.0,2012.0,2,2,1,5,1761447402227,1761447402265,moderate,0.5,50.0,0.0,0,1,0.0,0,0,,,,,,
g2_rain_fade,RAIN_FADE,24,,400,2,4,ok,,,2,60.44583301991224,2014.0,5,9.776000000000003,0.03199999999742431,10.027000000000044,10.022917005699128,888.0,708.0,418.0,2014.0,2,2,1,5,1761447402854,1761447402891,moderate,0.5,50.0,0.0,0,2,0.0,0,0,,,,,,
g2_rain_fade,RAIN_FADE,24,,400,2,5,ok,,,2,59.7822499985341,2017.0,5,10.221000000000004,0.03900000000248838,10.237999999998465,10.233582986984402,889.0,709.0,419.0,2017.0,2,2,1,5,1761447403577,1761447403614,moderate,0.5,50.0,0.0,0,1,0.0,0,0,,,,,,
g2_rain_fade,RAIN_FADE,24,,400,2,6,ok,,,2,59.70674997661263,2017.0,5,10.278000000000006,0.04700000000048021,10.473000000000866,10.470375011209399,889.0,709.0,419.0,2017.0,2,2,1,5,1761447404213,1761447404251,moderate,0.5,50.0,0.0,0,1,0.0,0,0,,,,,,
g2_rain_fade,RAIN_FADE,24,,400,2,7,ok,,,2,57.91733300429769,2012.0,5,9.935000000000002,0.03900000000066939,10.11700000000019,10.113416006788611,887.0,708.0,417.0,2012.0,2,2,1,5,1761447404835,1761447404872,moderate,0.5,50.0,0.0,0,1,0.0,0,0,,,,,,
g2_rain_fade,RAIN_FADE,24,,400,2,8,ok,,,2,55.60329201398417,2012.0,5,9.946999999999996,0.04099999999925785,10.070000000000618,10.067041992442682,887.0,707.0,418.0,2012.0,2,2,1,5,1761447405465,1761447405497,moderate,0.5,50.0,0.0,0,1,0.0,0,0,,,,,,
g2_rain_fade,RAIN_FADE,24,,400,2,9,ok,,,2,65.02783400355838,2017.0,5,10.07,0.04099999999743886,10.398999999999432,10.397500009275973,889.0,709.0,419.0,2017.0,2,2,1,5,1761447406083,1761447406126,moderate,0.5,50.0,0.0,0,1,0.0,0,0,,,,,,
g2_rain_fade,RAIN_FADE,24,,400,2,10,ok,,,2,66.23420800315216,1988.0,5,9.858000000000004,0.04099999999925785,10.25,10.246082994854078,875.0,708.0,405.0,1988.0,2,2,1,5,1761447406705,1761447406746,moderate,0.5,50.0,0.0,0,1,0.0,0,0,,,,,,
g2_rain_fade,RAIN_FADE,24,,400,2,11,ok,,,2,59.70395900658332,2018.0,5,10.092999999999996,0.036999999998442945,10.234000000000378,10.231082997051999,890.0,709.0,419.0,2018.0,2,2,1,5,1761447407351,1761447407388,moderate,0.5,50.0,0.0,1,2,0.5,0,0,,,,,,
g2_rain_fade,RAIN_FADE,24,,400,2,12,ok,,,2,63.71170899365097,2015.0,5,10.189999999999998,0.03899999999703141,10.267000000000735,10.26375000947155,888.0,709.0,418.0,2015.0,2,2,1,5,1761447408076,1761447408115,moderate,0.5,50.0,0.0,0,1,0.0,0,0,,,,,,
g2_rain_fade,RAIN_FADE,24,,400,2,13,ok,,,2,60.972665989538655,2017.0,5,10.237999999999992,0.03599999999642023,10.166000000001077,10.163124999962747,889.0,709.0,419.0,2017.0,2,2,1,5,1761447408739,1761447408776,moderate,0.5,50.0,0.0,0,1,0.0,0,0,,,,,,
g2_rain_fade,RAIN_FADE,24,,400,2,14,ok,,,2,55.32445901189931,2012.0,5,10.166000000000004,0.03900000000066939,10.188000000000102,10.186917003011331,887.0,707.0,418.0,2012.0,2,2,1,5,1761447409386,1761447409421,moderate,0.5,50.0,0.0,0,1,0.0,0,0,,,,,,
g2_rain_fade,RAIN_FADE,24,,400,2,15,ok,,,2,61.99966598069295,2016.0,5,10.76100000000001,0.037000000002080924,10.139999999999418,10.13929198961705,889.0,709.0,418.0,2016.0,2,2,1,5,1761447410003,1761447410040,moderate,0.5,50.0,0.0,0,1,0.0,0,0,,,,,,
g2_rain_fade,RAIN_FADE,24,,400,2,16,ok,,,2,58.89949999982491,2018.0,5,10.244,0.039999999999054126,10.177999999999884,10.175083996728063,890.0,709.0,419.0,2018.0,2,2,1,5,1761447410655,1761447410693,moderate,0.5,50.0,0.0,0,1,0.0,0,0,,,,,,
g2_rain_fade,RAIN_FADE,24,,400,2,17,ok,,,2,60.01275000744499,2011.0,5,10.376999999999995,0.03899999999703141,9.945000000000618,9.94225000613369,886.0,709.0,416.0,2011.0,2,2,1,5,1761447411302,1761447411339,moderate,0.5,50.0,0.0,0,1,0.0,0,0,,,,,,
g2_rain_fade,RAIN_FADE,24,,400,2,18,ok,,,2,63.12033400172368,2017.0,5,10.350999999999999,0.03299999999944703,10.169000000000779,10.167250002268702,889.0,709.0,419.0,2017.0,2,2,1,5,1761447411941,1761447411981,moderate,0.5,50.0,0.0,0,1,0.0,0,0,,,,,,
g2_rain_fade,RAIN_FADE,24,,400,2,19,ok,,,2,56.90933301229961,2015.0,5,10.124000000000002,0.040000000000873115,10.201000000000022,10.199124983046204,889.0,708.0,418.0,2015.0,2,2,1,5,1761447412624,1761447412659,moderate,0.5,50.0,0.0,0,2,0.0,0,0,,,,,,
g2_rain_fade,RAIN_FADE,24,,400,2,20,ok,,,2,62.517792015569285,2017.0,5,10.082999999999998,0.03799999999864667,10.292999999999665,10.289625002769753,889.0,709.0,419.0,2017.0,2,2,1,5,1761447413357,1761447413397,moderate,0.5,50.0,0.0,0,1,0.0,0,0,,,,,,
g2_rain_fade,RAIN_FADE,24,,300,2,1,ok,,,2,65.9167499979958,2013.0,5,10.383000000000003,0.04099999999743886,10.32300000000123,10.32175001455471,887.0,709.0,417.0,2013.0,2,2,1,5,1761447414116,1761447414158,heavy,0.25,25.0,0.0,0,1,0.0,0,0,,,,,,
g2_rain_fade,RAIN_FADE,24,,300,2,2,ok,,,2,58.1311660062056,2018.0,5,10.112000000000002,0.039999999999054126,10.161999999999352,10.158292017877102,890.0,709.0,419.0,2018.0,2,2,1,5,1761447414735,1761447414770,heavy,0.25,25.0,0.0,0,1,0.0,0,0,,,,,,
g2_rain_fade,RAIN_FADE,24,,300,2,3,ok,,,2,63.803333992837,2013.0,5,10.058999999999997,0.039999999997235136,10.27099999999973,10.268874990288168,888.0,708.0,417.0,2013.0,2,2,1,5,1761447415364,1761447415403,heavy,0.25,25.0,0.0,0,1,0.0,0,0,,,,,,
g2_rain_fade,RAIN_FADE,24,,300,2,4,ok,,,2,64.72879200009629,2009.0,5,9.990000000000002,0.04199999999946158,10.213000000000648,10.21012500859797,885.0,706.0,418.0,2009.0,2,2,1,5,1761447416062,1761447416104,heavy,0.25,25.0,0.0,0,1,0.0,0,0,,,,,,
g2_rain_fade,RAIN_FADE,24,,300,2,5,ok,,,2,65.44695899356157,2012.0,5,10.180999999999997,0.03600000000005821,10.304000000000087,10.302125010639429,887.0,707.0,418.0,2012.0,2,2,1,5,1761447416701,1761447416744,heavy,0.25,25.0,0.0,0,1,0.0,0,0,,,,,,
g2_rain_fade,RAIN_FADE,24,,300,2,6,ok,,,2,62.371375010116026,2017.0,5,10.234000000000002,0.03400000000146974,10.293999999999869,10.290166013874114,889.0,709.0,419.0,2017.0,2,2,1,5,1761447417351,1761447417391,heavy,0.25,25.0,0.0,0,1,0.0,0,0,,,,,,
g2_rain_fade,RAIN_FADE,24,,300,2,7,ok,,,2,59.629666997352615,2017.0,5,10.318999999999999,0.03800000000046566,10.042000000000371,10.039917018730193,889.0,709.0,419.0,2017.0,2,2,1,5,1761447417956,1761447417994,heavy,0.25,25.0,0.0,0,2,0.0,0,0,,,,,,
g2_rain_fade,RAIN_FADE,24,,300,2,8,ok,,,2,66.22649999917485,2017.0,5,10.083999999999996,0.03900000000066939,10.279999999999745,10.277166002197191,889.0,709.0,419.0,2017.0,2,2,1,5,1761447418723,1761447418765,heavy,0.25,25.0,0.0,0,2,0.0,0,0,,,,,,
g2_rain_fade,RAIN_FADE,24,,300,2,9,ok,,,2,59.998624987201765,2015.0,5,10.232999999999997,0.040000000000873115,10.233000000000175,10.232999979052693,889.0,708.0,418.0,2015.0,2,2,1,5,1761447419456,1761447419493,heavy,0.25,25.0,0.0,0,1,0.0,0,0,,,,,,
g2_rain_fade,RAIN_FADE,24,,300,2,10,ok,,,2,64.81070900917985,2010.0,5,10.236000000000004,0.03899999999703141,10.34900000000016,10.34733300912194,886.0,708.0,416.0,2010.0,2,2,1,5,1761447420051,1761447420093,heavy,0.25,25.0,0.0,0,1,0.0,0,0,,,,,,
g2_rain_fade,RAIN_FADE,24,,300,2,11,ok,,,2,61.87425000825897,2017.0,5,10.261,0.04099999999925785,10.015000000000327,10.021249996498227,889.0,709.0,419.0,2017.0,2,2,1,5,1761447420738,1761447420777,heavy,0.25,25.0,0.0,0,2,0.0,0,0,,,,,,
g2_rain_fade,RAIN_FADE,24,,300,2,12,ok,,,2,64.61495801340789,2009.0,5,10.129000000000005,0.03799999999682768,10.280999999999949,10.277624998707324,886.0,706.0,417.0,2009.0,2,2,1,5,1761447421445,1761447421486,heavy,0.25,25.0,0.0,0,1,0.0,0,0,,,,,,
g2_rain_fade,RAIN_FADE,24,,300,2,13,ok,,,2,64.97708297683857,2011.0,5,10.110000000000014,0.0349999999962165,10.418999999999869,10.415625001769513,886.0,707.0,418.0,2011.0,2,2,1,5,1761447422121,1761447422164,heavy,0.25,25.0,0.0,0,1,0.0,0,0,,,,,,
g2_rain_fade,RAIN_FADE,24,,300,2,14,ok,,,2,67.77995798620395,2017.0,5,11.836999999999996,0.03800000000228465,10.246999999999389,10.244542005239055,889.0,709.0,419.0,2017.0,2,2,1,5,1761447422822,1761447422866,heavy,0.25,25.0,0.0,0,2,0.0,0,0,,,,,,
g2_rain_fade,RAIN_FADE,24,,300,2,15,ok,,,2,63.08641599025577,2014.0,5,10.616,0.04799999999886495,10.381000000000313,10.378750012023374,888.0,708.0,418.0,2014.0,2,2,1,5,1761447423559,1761447423599,heavy,0.25,25.0,0.0,0,2,0.0,0,0,,,,,,
g2_rain_fade,RAIN_FADE,24,,300,2,16,ok,,,2,58.3744169853162,2015.0,5,10.210999999999999,0.042999999999665306,10.312999999999192,10.309666016837582,889.0,708.0,418.0,2015.0,2,2,1,5,1761447424354,1761447424389,heavy,0.25,25.0,0.0,0,1,0.0,0,0,,,,,,
g2_rain_fade,RAIN_FADE,24,,300,2,17,ok,,,2,67.95137500739656,2017.0,5,11.036999999999999,0.05399999999826832,10.730000000000473,10.732249997090548,889.0,709.0,419.0,2017.0,2,2,1,5,1761447425005,1761447425047,heavy,0.25,25.0,0.0,0,2,0.0,0,0,,,,,,
g2_rain_fade,RAIN_FADE,24,,300,2,18,ok,,,2,62.71862500580028,2012.0,5,10.655000000000001,0.03900000000248838,10.243000000000393,10.24100001086481,887.0,708.0,417.0,2012.0,2,2,1,5,1761447425772,1761447425813,heavy,0.25,25.0,0.0,0,1,0.0,0,0,,,,,,
g2_rain_fade,RAIN_FADE,24,,300,2,19,ok,,,2,59.51316701248288,2015.0,5,10.297999999999995,0.04099999999743886,10.26299999999901,10.259709000820294,888.0,709.0,418.0,2015.0,2,2,1,5,1761447426428,1761447426466,heavy,0.25,25.0,0.0,0,1,0.0,0,0,,,,,,
g2_rain_fade,RAIN_FADE,24,,300,2,20,ok,,,2,62.38837499404326,2012.0,5,10.098000000000006,0.04100000000289583,10.131000000000313,10.12633298523724,887.0,708.0,417.0,2012.0,2,2,1,5,1761447427098,1761447427136,heavy,0.25,25.0,0.0,0,1,0.0,0,0,,,,,,
g2_rain_fade,RAIN_FADE,24,,400,2,1,ok,,,2,61.35312499827705,2017.0,5,10.237999999999992,0.03900000000248838,10.083000000000538,10.081500018713996,889.0,709.0,419.0,2017.0,2,2,1,5,1761447427783,1761447427820,heavy,0.25,25.0,0.0,0,2,0.0,0,0,,,,,,
g2_rain_fade,RAIN_FADE,24,,400,2,2,ok,,,2,65.74416701914743,2011.0,5,10.506,0.03899999999703141,9.972999999999956,9.969167003873736,886.0,708.0,417.0,2011.0,2,2,1,5,1761447428544,1761447428585,heavy,0.25,25.0,0.0,0,1,0.0,0,0,,,,,,
g2_rain_fade,RAIN_FADE,24,,400,2,3,ok,,,2,63.69191699195653,2014.0,5,10.171,0.036999999998442945,10.25800000000072,10.25591601501219,888.0,709.0,417.0,2014.0,2,2,1,5,1761447429184,1761447429226,heavy,0.25,25.0,0.0,0,1,0.0,0,0,,,,,,
g2_rain_fade,RAIN_FADE,24,,400,2,4,ok,,,2,64.93579098605551,2017.0,5,10.192999999999998,0.03500000000167347,10.614000000000487,10.612500016577542,889.0,709.0,419.0,2017.0,2,2,1,5,1761447429793,1761447429836,heavy,0.25,25.0,0.0,0,2,0.0,0,0,,,,,,
g2_rain_fade,RAIN_FADE,24,,400,2,5,ok,,,2,65.43591700028628,2015.0,5,10.439000000000007,0.03799999999682768,10.323999999999614,10.320833011064678,888.0,708.0,419.0,2015.0,2,2,1,5,1761447430562,1761447430603,heavy,0.25,25.0,0.0,0,1,0.0,0,0,,,,,,
g2_rain_fade,RAIN_FADE,24,,400,2,6,ok,,,2,66.3342080079019,2017.0,5,10.505000000000003,0.04500000000007276,10.179000000000997,10.176375013543293,889.0,709.0,419.0,2017.0,2,2,1,5,1761447431231,1761447431274,heavy,0.25,25.0,0.0,0,1,0.0,0,0,,,,,,
g2_rain_fade,RAIN_FADE,24,,400,2,7,ok,,,2,61.5164999908302,2016.0,5,10.408999999999992,0.036999999998442945,10.118999999999687,10.116874997038394,889.0,708.0,419.0,2016.0,2,2,1,5,1761447431861,1761447431899,heavy,0.25,25.0,0.0,0,1,0.0,0,0,,,,,,
g2_rain_fade,RAIN_FADE,24,,400,2,8,ok,,,2,62.90212500607595,2012.0,5,10.304000000000002,0.03900000000066939,10.195999999999913,10.19254099810496,887.0,708.0,417.0,2012.0,2,2,1,5,1761447432539,1761447432581,heavy,0.25,25.0,0.0,0,1,0.0,0,0,,,,,,
g2_rain_fade,RAIN_FADE,24,,400,2,9,ok,,,2,58.11329200514592,2014.0,5,9.805000000000003,0.03499999999985448,10.238000000000284,10.235375026240945,888.0,708.0,418.0,2014.0,2,2,1,5,1761447433180,1761447433216,heavy,0.25,25.0,0.0,0,1,0.0,0,0,,,,,,
g2_rain_fade,RAIN_FADE,24,,400,2,10,ok,,,2,65.32420901930891,2015.0,5,10.329999999999998,0.03800000000228465,10.090000000000146,10.088125010952353,888.0,708.0,419.0,2015.0,2,2,1,5,1761447433812,1761447433853,heavy,0.25,25.0,0.0,0,1,0.0,0,0,,,,,,
g2_rain_fade,RAIN_FADE,24,,400,2,11,ok,,,2,60.20274999900721,2015.0,5,10.426000000000002,0.04100000000107684,10.37500000000091,10.377167025581002,888.0,709.0,418.0,2015.0,2,2,1,5,1761447434451,1761447434488,heavy,0.25,25.0,0.0,0,1,0.0,0,0,,,,,,
g2_rain_fade,RAIN_FADE,24,,400,2,12,ok,,,2,68.65591599489562,2015.0,5,10.546,0.03799999999864667,10.427999999999884,10.43366699013859,888.0,709.0,418.0,2015.0,2,2,1,5,1761447435064,1761447435108,heavy,0.25,25.0,0.0,0,2,0.0,0,0,,,,,,
g2_rain_fade,RAIN_FADE,24,,400,2,13,ok,,,2,62.74745799601078,1990.0,5,10.002999999999993,0.03599999999823922,10.375,10.372415999881923,876.0,708.0,406.0,1990.0,2,2,1,5,1761447435774,1761447435813,heavy,0.25,25.0,0.0,0,1,0.0,0,0,,,,,,
g2_rain_fade,RAIN_FADE,24,,400,2,14,ok,,,2,61.31654197815806,2010.0,5,10.084999999999994,0.04200000000128057,10.067000000000917,10.06379202590324,886.0,707.0,417.0,2010.0,2,2,1,5,1761447436451,1761447436488,heavy,0.25,25.0,0.0,0,1,0.0,0,0,,,,,,
g2_rain_fade,RAIN_FADE,24,,400,2,15,ok,,,2,59.643083019182086,2011.0,5,9.875999999999998,0.0360000000018772,10.30199999999968,10.299541987478733,886.0,708.0,417.0,2011.0,2,2,1,5,1761447437092,1761447437128,heavy,0.25,25.0,0.0,0,1,0.0,0,0,,,,,,
g2_rain_fade,RAIN_FADE,24,,400,2,16,ok,,,2,58.29554199590348,2013.0,5,10.421000000000003,0.03900000000066939,9.927999999998974,9.925709018716589,887.0,709.0,417.0,2013.0,2,2,1,5,1761447437759,1761447437794,heavy,0.25,25.0,0.0,0,2,0.0,0,0,,,,,,
g2_rain_fade,RAIN_FADE,24,,400,2,17,ok,,,2,62.52845798735507,2015.0,5,10.682000000000002,0.042999999999665306,10.744000000000597,10.745415987912565,889.0,708.0,418.0,2015.0,2,2,1,5,1761447438505,1761447438543,heavy,0.25,25.0,0.0,0,1,0.0,0,0,,,,,,
g2_rain_fade,RAIN_FADE,24,,400,2,18,ok,,,2,68.4379999875091,2015.0,5,10.543000000000006,0.036999999998442945,10.269999999999527,10.274000000208616,889.0,708.0,418.0,2015.0,2,2,1,5,1761447439166,1761447439210,heavy,0.25,25.0,0.0,0,2,0.0,0,0,,,,,,
g2_rain_fade,RAIN_FADE,24,,400,2,19,ok,,,2,62.150124984327704,2016.0,5,10.194999999999993,0.036999999998442945,10.100000000000364,10.096124984556809,889.0,708.0,419.0,2016.0,2,2,1,5,1761447439901,1761447439940,heavy,0.25,25.0,0.0,0,2,0.0,0,0,,,,,,
g2_rain_fade,RAIN_FADE,24,,400,2,20,ok,,,2,66.82075001299381,2018.0,5,10.644999999999996,0.040000000000873115,10.346000000000458,10.341790999518707,890.0,709.0,419.0,2018.0,2,2,1,5,1761447440694,1761447440735,heavy,0.25,25.0,0.0,0,1,0.0,0,0,,,,,,
g2_rain_fade,RAIN_FADE,24,,300,2,1,ok,,,2,68.52162498398684,2018.0,5,10.070999999999998,0.036999999998442945,10.586999999999534,10.584417002974078,890.0,709.0,419.0,2018.0,2,2,1,5,1761447441478,1761447441524,storm,0.15,15.0,0.0,0,1,0.0,0,0,,,,,,
g2_rain_fade,RAIN_FADE,24,,300,2,2,ok,,,2,61.74100001226179,2013.0,5,10.137999999999995,0.037000000002080924,10.32300000000032,10.320708010112867,888.0,708.0,417.0,2013.0,2,2,1,5,1761447442137,1761447442177,storm,0.15,15.0,0.0,0,2,0.0,0,0,,,,,,
g2_rain_fade,RAIN_FADE,24,,300,2,3,ok,,,2,61.60116600221954,2015.0,5,10.098999999999997,0.03600000000005821,10.27100000000064,10.268667014315724,888.0,709.0,418.0,2015.0,2,2,1,5,1761447442829,1761447442867,storm,0.15,15.0,0.0,0,1,0.0,0,0,,,,,,
g2_rain_fade,RAIN_FADE,24,,300,2,4,ok,,,2,66.19516698992811,2018.0,5,10.233,0.040000000000873115,10.253999999999905,10.250499995891005,890.0,709.0,419.0,2018.0,2,2,1,5,1761447443477,1761447443519,storm,0.15,15.0,0.0,0,2,0.0,0,0,,,,,,
g2_rain_fade,RAIN_FADE,24,,300,2,5,ok,,,2,65.7873330055736,2015.0,5,10.117999999999995,0.03600000000005821,10.248000000000502,10.24487501126714,888.0,709.0,418.0,2015.0,2,2,1,5,1761447444183,1761447444225,storm,0.15,15.0,0.0,0,2,0.0,0,0,,,,,,
g2_rain_fade,RAIN_FADE,24,,300,2,6,ok,,,2,65.12404198292643,2013.0,5,10.437999999999995,0.0389999999988504,10.371000000000095,10.368416988058016,887.0,708.0,418.0,2013.0,2,2,1,5,1761447444942,1761447444983,storm,0.15,15.0,0.0,0,1,0.0,0,0,,,,,,
g2_rain_fade,RAIN_FADE,24,,300,2,7,ok,,,2,67.93675001244992,2014.0,5,10.262999999999991,0.0389999999988504,10.27599999999984,10.273250023601577,887.0,709.0,418.0,2014.0,2,2,1,5,1761447445631,1761447445674,storm,0.15,15.0,0.0,0,2,0.0,0,0,,,,,,
g2_rain_fade,RAIN_FADE,24,,300,2,8,ok,,,2,63.243167009204626,2016.0,5,10.404000000000003,0.039999999999054126,10.318000000000211,10.31499999226071,889.0,709.0,418.0,2016.0,2,2,1,5,1761447446437,1761447446478,storm,0.15,15.0,0.0,0,1,0.0,0,0,,,,,,
g2_rain_fade,RAIN_FADE,24,,300,2,9,ok,,,2,59.43516700062901,2016.0,5,10.125,0.0470000000022992,10.058000000000902,10.056375002022833,888.0,709.0,419.0,2016.0,2,2,1,5,1761447447101,1761447447140,storm,0.15,15.0,0.0,0,1,0.0,0,0,,,,,,
g2_rain_fade,RAIN_FADE,24,,300,2,10,ok,,,2,61.04995799250901,2009.0,5,10.196000000000002,0.03799999999864667,10.302999999999884,10.301417001755908,886.0,706.0,417.0,2009.0,2,2,1,5,1761447447721,1761447447760,storm,0.15,15.0,0.0,0,2,0.0,0,0,,,,,,
g2_rain_fade,RAIN_FADE,24,,300,2,11,ok,,,2,60.47012499766424,2010.0,5,10.152000000000001,0.04100000000107684,10.11999999999989,10.11929102241993,886.0,708.0,416.0,2010.0,2,2,1,5,1761447448446,1761447448483,storm,0.15,15.0,0.0,0,1,0.0,0,0,,,,,,
g2_rain_fade,RAIN_FADE,24,,300,2,12,ok,,,2,70.26691600913182,2016.0,5,15.464999999999996,0.039999999999054126,10.180000000000291,10.17762499395758,889.0,709.0,418.0,2016.0,2,2,1,5,1761447449119,1761447449165,storm,0.15,15.0,0.0,0,1,0.0,0,0,,,,,,
g2_rain_fade,RAIN_FADE,24,,300,2,13,ok,,,2,58.79916701815091,2015.0,5,10.274000000000004,0.03499999999985448,10.06499999999869,10.062542016385123,888.0,709.0,418.0,2015.0,2,2,1,5,1761447449767,1761447449801,storm,0.15,15.0,0.0,0,1,0.0,0,0,,,,,,
g2_rain_fade,RAIN_FADE,24,,300,2,14,ok,,,2,60.72191701969132,2011.0,5,10.227999999999994,0.03900000000248838,10.1200000000008,10.117083002114668,886.0,708.0,417.0,2011.0,2,2,1,5,1761447450408,1761447450447,storm,0.15,15.0,0.0,0,1,0.0,0,0,,,,,,
g2_rain_fade,RAIN_FADE,24,,300,2,15,ok,,,2,59.3329580151476,2014.0,5,10.015999999999998,0.03800000000046566,10.161000000000058,10.158082994166762,888.0,708.0,418.0,2014.0,2,2,1,5,1761447451035,1761447451073,storm,0.15,15.0,0.0,0,1,0.0,0,0,,,,,,
g2_rain_fade,RAIN_FADE,24,,300,2,16,ok,,,2,86.6645000060089,2015.0,5,18.047999999999995,0.062000000003536115,19.156999999999243,19.460125011391938,889.0,708.0,418.0,2015.0,2,2,1,5,1761447452203,1761447452253,storm,0.15,15.0,0.0,0,4,0.0,0,0,,,,,,
g2_rain_fade,RAIN_FADE,24,,300,2,17,ok,,,2,59.655082994140685,2017.0,5,9.972000000000001,0.03800000000228465,10.195999999999003,10.192957997787744,889.0,709.0,419.0,2017.0,2,2,1,5,1761447452947,1761447452983,storm,0.15,15.0,0.0,0,1,0.0,0,0,,,,,,
g2_rain_fade,RAIN_FADE,24,,300,2,18,ok,,,2,63.16604098537937,2013.0,5,9.97099999999999,0.0389999999988504,10.260000000001128,10.257249989081174,887.0,708.0,418.0,2013.0,2,2,1,5,1761447453587,1761447453628,storm,0.15,15.0,0.0,0,1,0.0,0,0,,,,,,
g2_rain_fade,RAIN_FADE,24,,300,2,19,ok,,,2,67.24708300316706,2017.0,5,10.287999999999997,0.03499999999985448,10.545000000000073,10.543666983721778,889.0,709.0,419.0,2017.0,2,2,1,5,1761447454239,1761447454282,storm,0.15,15.0,0.0,0,1,0.0,0,0,,,,,,
g2_rain_fade,RAIN_FADE,24,,300,2,20,ok,,,2,59.86104201292619,2015.0,5,10.183,0.03800000000046566,10.22400000000016,10.219874995527789,888.0,709.0,418.0,2015.0,2,2,1,5,1761447454887,1761447454924,storm,0.15,15.0,0.0,0,1,0.0,0,0,,,,,,
g2_rain_fade,RAIN_FADE,24,,400,2,1,ok,,,2,66.31637501413934,2010.0,5,10.319999999999997,0.04200000000128057,10.126000000000204,10.12320799054578,886.0,707.0,417.0,2010.0,2,2,1,5,1761447455580,1761447455623,storm,0.15,15.0,0.0,0,2,0.0,0,0,,,,,,
g2_rain_fade,RAIN_FADE,24,,400,2,2,ok,,,2,63.292125007137656,2013.0,5,10.504999999999995,0.05499999999847205,10.16399999999885,10.158624994801357,887.0,708.0,418.0,2013.0,2,2,1,5,1761447456745,1761447456783,storm,0.15,15.0,0.0,0,3,0.0,0,0,,,,,,
g2_rain_fade,RAIN_FADE,24,,400,2,3,ok,,,2,61.88295900938101,2017.0,5,10.145000000000003,0.03799999999864667,10.086999999999534,10.084250010550022,889.0,709.0,419.0,2017.0,2,2,1,5,1761447457395,1761447457434,storm,0.15,15.0,0.0,0,1,0.0,0,0,,,,,,
g2_rain_fade,RAIN_FADE,24,,400,2,4,ok,,,2,60.4265830188524,2017.0,5,10.265999999999998,0.03800000000046566,10.015000000000327,10.013582999818027,889.0,709.0,419.0,2017.0,2,2,1,5,1761447458012,1761447458052,storm,0.15,15.0,0.0,0,1,0.0,0,0,,,,,,
g2_rain_fade,RAIN_FADE,24,,400,2,5,ok,,,2,63.68945800932124,2013.0,5,10.915999999999997,0.04900000000088767,10.135000000000218,10.1302920083981,887.0,709.0,417.0,2013.0,2,2,1,5,1761447459139,1761447459178,storm,0.15,15.0,0.0,0,3,0.0,1,2,,,,,,
g2_rain_fade,RAIN_FADE,24,,400,2,6,ok,,,2,63.071041979128495,2014.0,5,10.226999999999997,0.040000000000873115,10.273000000000138,10.270666010910645,888.0,707.0,419.0,2014.0,2,2,1,5,1761447459784,1761447459824,storm,0.15,15.0,0.0,0,1,0.0,0,0,,,,,,
g2_rain_fade,RAIN_FADE,24,,400,2,7,ok,,,2,65.16954198013991,2010.0,5,10.145999999999994,0.039999999999054126,9.873999999999796,9.870791982393712,886.0,707.0,417.0,2010.0,2,2,1,5,1761447460441,1761447460481,storm,0.15,15.0,0.0,0,1,0.0,0,0,,,,,,
g2_rain_fade,RAIN_FADE,24,,400,2,8,ok,,,2,64.80054199346341,1991.0,5,10.247999999999998,0.03599999999823922,10.375,10.37237499258481,876.0,709.0,406.0,1991.0,2,2,1,5,1761447461117,1761447461160,storm,0.15,15.0,0.0,0,1,0.0,0,0,,,,,,
g2_rain_fade,RAIN_FADE,24,,400,2,9,ok,,,2,64.8540010151919,2018.0,5,10.345999999999997,0.039999999999054126,10.313999999999396,10.311209014616907,890.0,709.0,419.0,2018.0,2,2,1,5,1761447461772,1761447461813,storm,0.15,15.0,0.0,0,2,0.0,0,0,,,,,,
g2_rain_fade,RAIN_FADE,24,,400,2,10,ok,,,2,60.494958015624434,2015.0,5,10.475999999999999,0.03799999999864667,10.186999999999898,10.183667007368058,888.0,708.0,419.0,2015.0,2,2,1,5,1761447462509,1761447462546,storm,0.15,15.0,0.0,0,1,0.0,0,0,,,,,,
g2_rain_fade,RAIN_FADE,24,,400,2,11,ok,,,2,60.56383397663012,2017.0,5,10.13199999999999,0.03800000000228465,10.073999999999614,10.071916010929272,889.0,709.0,419.0,2017.0,2,2,1,5,1761447463135,1761447463173,storm,0.15,15.0,0.0,0,1,0.0,0,0,,,,,,
g2_rain_fade,RAIN_FADE,24,,400,2,12,ok,,,2,70.2209590235725,2015.0,5,10.3,0.03700000000389991,10.270000000000437,10.267417004797608,888.0,708.0,419.0,2015.0,2,2,1,5,1761447463797,1761447463843,storm,0.15,15.0,0.0,0,2,0.0,0,0,,,,,,
g2_rain_fade,RAIN_FADE,24,,400,2,13,ok,,,2,63.760582997929305,2013.0,5,10.230999999999995,0.039999999997235136,10.52100000000155,10.517374990740791,888.0,708.0,417.0,2013.0,2,2,1,5,1761447464594,1761447464633,storm,0.15,15.0,0.0,0,1,0.0,0,0,,,,,,
g2_rain_fade,RAIN_FADE,24,,400,2,14,ok,,,2,65.15266699716449,2018.0,5,9.982999999999997,0.037000000002080924,10.215000000000146,10.213207977358252,890.0,709.0,419.0,2018.0,2,2,1,5,1761447465252,1761447465292,storm,0.15,15.0,0.0,0,2,0.0,0,0,,,,,,
g2_rain_fade,RAIN_FADE,24,,400,2,15,ok,,,2,59.02608300675638,2017.0,5,10.030999999999999,0.04199999999764259,10.030000000000655,10.032499994849786,889.0,709.0,419.0,2017.0,2,2,1,5,1761447466034,1761447466072,storm,0.15,15.0,0.0,0,1,0.0,0,0,,,,,,
g2_rain_fade,RAIN_FADE,24,,400,2,16,ok,,,2,66.30000099539757,2018.0,5,10.345000000000013,0.036999999998442945,10.445999999999913,10.471417015651241,890.0,709.0,419.0,2018.0,2,2,1,5,1761447466685,1761447466727,storm,0.15,15.0,0.0,0,1,0.0,0,0,,,,,,
g2_rain_fade,RAIN_FADE,24,,400,2,17,ok,,,2,63.93391700112261,2012.0,5,10.132000000000005,0.0389999999988504,10.380999999999403,10.37929201265797,886.0,708.0,418.0,2012.0,2,2,1,5,1761447467318,1761447467359,storm,0.15,15.0,0.0,0,1,0.0,0,0,,,,,,
g2_rain_fade,RAIN_FADE,24,,400,2,18,ok,,,2,65.33687500632368,2014.0,5,10.164000000000001,0.0389999999988504,10.415000000000873,10.411666997242719,887.0,708.0,419.0,2014.0,2,2,1,5,1761447467970,1761447468012,storm,0.15,15.0,0.0,0,1,0.0,0,0,,,,,,
g2_rain_fade,RAIN_FADE,24,,400,2,19,ok,,,2,64.43325002328493,2017.0,5,10.265999999999998,0.04099999999925785,10.214999999999236,10.211957996943966,889.0,709.0,419.0,2017.0,2,2,1,5,1761447468658,1761447468698,storm,0.15,15.0,0.0,0,1,0.0,0,0,,,,,,
g2_rain_fade,RAIN_FADE,24,,400,2,20,ok,,,2,66.58387501374818,2015.0,5,10.328000000000003,0.03600000000005821,10.380999999999403,10.378083999967203,888.0,708.0,419.0,2015.0,2,2,1,5,1761447469332,1761447469376,storm,0.15,15.0,0.0,0,2,0.0,0,0,,,,,,
