scenario,mode,rtt_ms,loss_pct,timeout_ms,pto,run,status,failed_stage,errno,attempts,latency_ms,bytes_online,msgs_online,cpu_ms_ue,cpu_ms_lj,cpu_ms_ln,processing_ms_ground,bytes_lj,bytes_ln,bytes_total,msgs_lj,msgs_ln,msgs_total,ts5,ts6,rain_profile,bw_factor,down_rate_mbps,up_rate_mbps,bad_ticks,total_ticks,bad_ratio,blackout_events,blackout_ticks,window_profile,window_duration_ms,uplink_delay_ms,down_ready_ms,guard_close_ms,scheduled_blackouts,bytes_ue
g1_online_only,LEO_ONLY,12,0.0,200,2,1,ok,,0,2,68.83949999973993,1481.0,4,10.249000000000002,0.04999999999999716,10.221000000000004,10.216541999398032,707.0,419.0,1481.0,2,1,4,1761206583211,1761206583253,,,,,,,,,,,,,,,,355.0
g1_online_only,LEO_ONLY,12,0.0,200,2,2,ok,,0,2,53.207208002277184,1481.0,4,10.012,0.04200000000000159,9.674999999999997,9.673917000327492,708.0,416.0,1481.0,2,1,4,1761206583516,1761206583542,,,,,,,,,,,,,,,,357.0
g1_online_only,LEO_ONLY,12,0.0,200,2,3,ok,,0,2,55.47525000292808,1481.0,4,9.947999999999997,0.03700000000000614,9.548000000000002,9.545458997308742,708.0,416.0,1481.0,2,1,4,1761206583816,1761206583845,,,,,,,,,,,,,,,,357.0
g1_online_only,LEO_ONLY,12,0.0,200,2,4,ok,,0,2,49.29016700043576,1479.0,4,9.706999999999997,0.03499999999999659,9.759000000000015,9.759250002389308,707.0,416.0,1479.0,2,1,4,1761206584125,1761206584147,,,,,,,,,,,,,,,,356.0
g1_online_only,LEO_ONLY,12,0.0,200,2,5,ok,,0,2,48.696917001507245,1481.0,4,9.788999999999994,0.03899999999998727,9.579999999999956,9.577249998983461,708.0,417.0,1481.0,2,1,4,1761206584427,1761206584452,,,,,,,,,,,,,,,,356.0
g1_online_only,LEO_ONLY,12,0.0,200,2,6,ok,,0,2,52.61070800042944,1479.0,4,9.716000000000001,0.03699999999997772,9.242999999999995,9.240375002264045,707.0,417.0,1479.0,2,1,4,1761206584733,1761206584757,,,,,,,,,,,,,,,,355.0
g1_online_only,LEO_ONLY,12,0.0,200,2,7,ok,,0,2,53.78670799836982,1481.0,4,9.876999999999995,0.03700000000003456,9.457999999999998,9.456542000407353,708.0,417.0,1481.0,2,1,4,1761206585030,1761206585054,,,,,,,,,,,,,,,,356.0
g1_online_only,LEO_ONLY,12,0.0,200,2,8,ok,,0,2,53.756709003209835,1480.0,4,9.655000000000001,0.033999999999991815,9.814999999999998,9.81991699882201,708.0,416.0,1480.0,2,1,4,1761206585338,1761206585364,,,,,,,,,,,,,,,,356.0
g1_online_only,LEO_ONLY,12,0.0,200,2,9,ok,,0,2,51.941249999799766,1480.0,4,9.923999999999992,0.040000000000020464,9.441999999999979,9.43974999972852,708.0,416.0,1480.0,2,1,4,1761206585636,1761206585659,,,,,,,,,,,,,,,,356.0
g1_online_only,LEO_ONLY,12,0.0,200,2,10,ok,,0,2,48.19720900195534,1483.0,4,9.563000000000006,0.03499999999996817,9.438999999999993,9.437374999833992,709.0,417.0,1483.0,2,1,4,1761206585924,1761206585949,,,,,,,,,,,,,,,,357.0
g1_online_only,LEO_ONLY,12,0.0,200,2,11,ok,,0,2,50.8321250017616,1485.0,4,9.853999999999996,0.033999999999991815,10.239000000000004,10.236707999865757,709.0,419.0,1485.0,2,1,4,1761206586216,1761206586240,,,,,,,,,,,,,,,,357.0
g1_online_only,LEO_ONLY,12,0.0,200,2,12,ok,,0,2,50.21429199769045,1483.0,4,9.707999999999998,0.03300000000001546,9.595000000000027,9.591791000275407,709.0,417.0,1483.0,2,1,4,1761206586508,1761206586533,,,,,,,,,,,,,,,,357.0
g1_online_only,LEO_ONLY,12,0.0,200,2,13,ok,,0,2,56.43466699984856,1482.0,4,10.381,0.03799999999995407,9.826999999999998,9.82458400176256,709.0,416.0,1482.0,2,1,4,1761206586788,1761206586815,,,,,,,,,,,,,,,,357.0
g1_online_only,LEO_ONLY,12,0.0,200,2,14,ok,,0,2,52.47070900077233,1481.0,4,9.910999999999998,0.03399999999993497,9.672000000000054,9.669791001215344,708.0,416.0,1481.0,2,1,4,1761206587074,1761206587100,,,,,,,,,,,,,,,,357.0
g1_online_only,LEO_ONLY,12,0.0,200,2,15,ok,,0,2,50.27700000209734,1483.0,4,10.247000000000003,0.045000000000015916,9.875000000000028,9.869375000562286,709.0,417.0,1483.0,2,1,4,1761206587364,1761206587388,,,,,,,,,,,,,,,,357.0
g1_online_only,LEO_ONLY,12,0.0,200,2,16,ok,,0,2,52.03958300262457,1483.0,4,9.869000000000003,0.03300000000001546,9.791000000000054,9.789750001800712,709.0,417.0,1483.0,2,1,4,1761206587646,1761206587670,,,,,,,,,,,,,,,,357.0
g1_online_only,LEO_ONLY,12,0.0,200,2,17,ok,,0,2,56.0144160008349,1483.0,4,10.048000000000002,0.033000000000072305,9.773000000000025,9.770874999958323,709.0,417.0,1483.0,2,1,4,1761206587934,1761206587959,,,,,,,,,,,,,,,,357.0
g1_online_only,LEO_ONLY,12,0.0,200,2,18,ok,,0,2,51.09245800122153,1481.0,4,9.809999999999995,0.03699999999997772,9.470000000000027,9.468750002270099,708.0,417.0,1481.0,2,1,4,1761206588229,1761206588252,,,,,,,,,,,,,,,,356.0
g1_online_only,LEO_ONLY,12,0.0,200,2,19,ok,,0,2,55.72016600126517,1485.0,4,9.788000000000007,0.04100000000005366,10.004000000000019,10.002250000979984,709.0,419.0,1485.0,2,1,4,1761206588510,1761206588537,,,,,,,,,,,,,,,,357.0
g1_online_only,LEO_ONLY,12,0.0,200,2,20,ok,,0,2,52.43870799677097,1482.0,4,9.80299999999999,0.03499999999996817,9.735000000000014,9.73316599993268,709.0,416.0,1482.0,2,1,4,1761206588811,1761206588837,,,,,,,,,,,,,,,,357.0
g1_online_only,LEO_ONLY,12,0.0,400,2,1,ok,,0,2,50.803957998141414,1479.0,4,9.605,0.036999999999920874,9.739000000000033,9.745624996867264,707.0,416.0,1479.0,2,1,4,1761206589759,1761206589784,,,,,,,,,,,,,,,,356.0
g1_online_only,LEO_ONLY,12,0.0,400,2,2,ok,,0,2,53.565832997264806,1481.0,4,9.85499999999999,0.03699999999980719,9.882999999999981,9.881292000500252,708.0,416.0,1481.0,2,1,4,1761206590055,1761206590079,,,,,,,,,,,,,,,,357.0
g1_online_only,LEO_ONLY,12,0.0,400,2,3,ok,,0,2,50.61345799913397,1483.0,4,9.732999999999993,0.03499999999996817,9.801000000000045,9.797833001357503,709.0,417.0,1483.0,2,1,4,1761206590358,1761206590382,,,,,,,,,,,,,,,,357.0
g1_online_only,LEO_ONLY,12,0.0,400,2,4,ok,,0,2,50.0986249971902,1477.0,4,9.899000000000001,0.03499999999996817,9.583999999999946,9.581583999533905,706.0,415.0,1477.0,2,1,4,1761206590656,1761206590681,,,,,,,,,,,,,,,,356.0
g1_online_only,LEO_ONLY,12,0.0,400,2,5,ok,,0,2,57.17404200186138,1481.0,4,9.972000000000005,0.03600000000005821,10.075999999999965,10.072791999846231,707.0,418.0,1481.0,2,1,4,1761206590938,1761206590967,,,,,,,,,,,,,,,,356.0
g1_online_only,LEO_ONLY,12,0.0,400,2,6,ok,,0,2,55.86570900049992,1481.0,4,9.847999999999995,0.03499999999996817,9.882000000000005,9.879291999823181,708.0,417.0,1481.0,2,1,4,1761206591243,1761206591270,,,,,,,,,,,,,,,,356.0
g1_online_only,LEO_ONLY,12,0.0,400,2,7,ok,,0,2,54.56083299941383,1481.0,4,9.696999999999996,0.03999999999984993,9.773000000000025,9.770500000740867,708.0,417.0,1481.0,2,1,4,1761206591539,1761206591565,,,,,,,,,,,,,,,,356.0
g1_online_only,LEO_ONLY,12,0.0,400,2,8,ok,,0,2,53.79512500076089,1477.0,4,9.740999999999996,0.031999999999811735,9.775999999999954,9.782249999261694,706.0,416.0,1477.0,2,1,4,1761206591852,1761206591877,,,,,,,,,,,,,,,,355.0
g1_online_only,LEO_ONLY,12,0.0,400,2,9,ok,,0,2,59.8636249997071,1479.0,4,10.051999999999996,0.03599999999994452,9.896000000000015,9.893667000142159,707.0,416.0,1479.0,2,1,4,1761206592149,1761206592177,,,,,,,,,,,,,,,,356.0
g1_online_only,LEO_ONLY,12,0.0,400,2,10,ok,,0,2,50.700707997748395,1481.0,4,9.743999999999996,0.03799999999989723,9.890000000000043,9.888917000353104,708.0,417.0,1481.0,2,1,4,1761206592443,1761206592466,,,,,,,,,,,,,,,,356.0
g1_online_only,LEO_ONLY,12,0.0,400,2,11,ok,,0,2,55.75875000067754,1483.0,4,9.948999999999995,0.03399999999987813,9.789999999999964,9.787499999220017,709.0,417.0,1483.0,2,1,4,1761206592744,1761206592771,,,,,,,,,,,,,,,,357.0
g1_online_only,LEO_ONLY,12,0.0,400,2,12,ok,,0,2,53.99687500175787,1478.0,4,9.611000000000004,0.03700000000003456,10.090999999999951,10.09074999819859,706.0,417.0,1478.0,2,1,4,1761206593049,1761206593074,,,,,,,,,,,,,,,,355.0
g1_online_only,LEO_ONLY,12,0.0,400,2,13,ok,,0,2,46.90962500171736,1481.0,4,9.712999999999994,0.03499999999985448,9.605999999999995,9.604000002582325,708.0,417.0,1481.0,2,1,4,1761206593346,1761206593368,,,,,,,,,,,,,,,,356.0
g1_online_only,LEO_ONLY,12,0.0,400,2,14,ok,,0,2,56.69320900051389,1483.0,4,10.044,0.03300000000001546,9.866000000000042,9.862708000582643,709.0,417.0,1483.0,2,1,4,1761206593644,1761206593672,,,,,,,,,,,,,,,,357.0
g1_online_only,LEO_ONLY,12,0.0,400,2,15,ok,,0,2,47.78079199968488,1483.0,4,9.777000000000001,0.03600000000005821,9.685999999999979,9.682916999736335,709.0,417.0,1483.0,2,1,4,1761206593939,1761206593961,,,,,,,,,,,,,,,,357.0
g1_online_only,LEO_ONLY,12,0.0,400,2,16,ok,,0,2,55.79587499960326,1481.0,4,9.887,0.03399999999987813,9.787000000000035,9.784958001546329,708.0,416.0,1481.0,2,1,4,1761206594220,1761206594247,,,,,,,,,,,,,,,,357.0
g1_online_only,LEO_ONLY,12,0.0,400,2,17,ok,,0,2,51.90050000237534,1481.0,4,10.021000000000004,0.0340000000001055,9.894000000000005,9.894040998915443,708.0,416.0,1481.0,2,1,4,1761206594509,1761206594536,,,,,,,,,,,,,,,,357.0
g1_online_only,LEO_ONLY,12,0.0,400,2,18,ok,,0,2,53.21633299899986,1479.0,4,9.763000000000002,0.03700000000003456,9.908000000000015,9.904667000228073,707.0,416.0,1479.0,2,1,4,1761206594801,1761206594827,,,,,,,,,,,,,,,,356.0
g1_online_only,LEO_ONLY,12,0.0,400,2,19,ok,,0,2,53.32945899863262,1483.0,4,9.65499999999999,0.0420000000001437,9.976999999999919,9.975624998332933,709.0,417.0,1483.0,2,1,4,1761206595088,1761206595113,,,,,,,,,,,,,,,,357.0
g1_online_only,LEO_ONLY,12,0.0,400,2,20,ok,,0,2,49.798041000030935,1479.0,4,9.517000000000007,0.033999999999991815,9.881999999999891,9.8803750006482,708.0,414.0,1479.0,2,1,4,1761206595370,1761206595393,,,,,,,,,,,,,,,,357.0
g1_online_only,LEO_ONLY,12,0.0,600,2,1,ok,,0,2,57.61237499973504,1485.0,4,10.009000000000029,0.03799999999978354,10.207999999999856,10.205083999608178,709.0,419.0,1485.0,2,1,4,1761206596389,1761206596416,,,,,,,,,,,,,,,,357.0
g1_online_only,LEO_ONLY,12,0.0,600,2,2,ok,,0,2,51.78062499908265,1483.0,4,9.843000000000007,0.0340000000001055,9.906000000000063,9.904000002279645,709.0,417.0,1483.0,2,1,4,1761206596676,1761206596702,,,,,,,,,,,,,,,,357.0
g1_online_only,LEO_ONLY,12,0.0,600,2,3,ok,,0,2,54.54875000214088,1483.0,4,10.033999999999995,0.035000000000081855,9.856999999999971,9.854832998826168,709.0,417.0,1483.0,2,1,4,1761206596967,1761206596996,,,,,,,,,,,,,,,,357.0
g1_online_only,LEO_ONLY,12,0.0,600,2,4,ok,,0,2,57.77908299933188,1481.0,4,9.839999999999993,0.033999999999650754,9.902000000000044,9.899374999804422,708.0,417.0,1481.0,2,1,4,1761206597265,1761206597293,,,,,,,,,,,,,,,,356.0
g1_online_only,LEO_ONLY,12,0.0,600,2,5,ok,,0,2,53.39687499872525,1480.0,4,10.050000000000008,0.03700000000003456,9.808000000000106,9.80491700101993,708.0,416.0,1480.0,2,1,4,1761206597554,1761206597581,,,,,,,,,,,,,,,,356.0
g1_online_only,LEO_ONLY,12,0.0,600,2,6,ok,,0,2,54.13224999938393,1481.0,4,9.521999999999995,0.03699999999980719,9.847999999999956,9.846125001786277,708.0,417.0,1481.0,2,1,4,1761206597846,1761206597871,,,,,,,,,,,,,,,,356.0
g1_online_only,LEO_ONLY,12,0.0,600,2,7,ok,,0,2,51.576416997704655,1483.0,4,9.684000000000001,0.038000000000010914,9.725000000000023,9.722667000460206,709.0,417.0,1483.0,2,1,4,1761206598135,1761206598160,,,,,,,,,,,,,,,,357.0
g1_online_only,LEO_ONLY,12,0.0,600,2,8,ok,,0,2,49.731166000128724,1481.0,4,9.913999999999998,0.03499999999985448,9.676000000000045,9.674208999058465,708.0,416.0,1481.0,2,1,4,1761206598448,1761206598473,,,,,,,,,,,,,,,,357.0
g1_online_only,LEO_ONLY,12,0.0,600,2,9,ok,,0,2,52.56675000055111,1483.0,4,10.030999999999992,0.03500000000030923,9.887000000000057,9.884709001198644,709.0,417.0,1483.0,2,1,4,1761206598737,1761206598761,,,,,,,,,,,,,,,,357.0
g1_online_only,LEO_ONLY,12,0.0,600,2,10,ok,,0,2,53.644749998056795,1481.0,4,10.022000000000006,0.03600000000005821,9.897000000000048,9.895249997498468,708.0,417.0,1481.0,2,1,4,1761206599031,1761206599058,,,,,,,,,,,,,,,,356.0
g1_online_only,LEO_ONLY,12,0.0,600,2,11,ok,,0,2,58.00491600166424,1482.0,4,10.067,0.0340000000001055,9.823000000000093,9.82112500059884,709.0,416.0,1482.0,2,1,4,1761206599327,1761206599355,,,,,,,,,,,,,,,,357.0
g1_online_only,LEO_ONLY,12,0.0,600,2,12,ok,,0,2,53.321832998335594,1481.0,4,10.175000000000004,0.03599999999960346,9.81499999999994,9.81287499962491,709.0,415.0,1481.0,2,1,4,1761206599634,1761206599656,,,,,,,,,,,,,,,,357.0
g1_online_only,LEO_ONLY,12,0.0,600,2,13,ok,,0,2,49.618083001405466,1481.0,4,9.572,0.035999999999830834,9.861999999999853,9.859416000836063,708.0,417.0,1481.0,2,1,4,1761206599944,1761206599969,,,,,,,,,,,,,,,,356.0
g1_online_only,LEO_ONLY,12,0.0,600,2,14,ok,,0,2,52.41441700127325,1478.0,4,10.004999999999999,0.0340000000001055,9.898000000000138,9.89566700081923,707.0,415.0,1478.0,2,1,4,1761206600247,1761206600273,,,,,,,,,,,,,,,,356.0
g1_online_only,LEO_ONLY,12,0.0,600,2,15,ok,,0,2,53.01666699961061,1479.0,4,9.785000000000004,0.04599999999982174,9.951999999999998,9.949750001396751,707.0,415.0,1479.0,2,1,4,1761206600542,1761206600569,,,,,,,,,,,,,,,,357.0
g1_online_only,LEO_ONLY,12,0.0,600,2,16,ok,,0,2,58.32791699867812,1481.0,4,10.241000000000003,0.03600000000005821,9.881999999999948,9.880292000161717,708.0,417.0,1481.0,2,1,4,1761206600829,1761206600858,,,,,,,,,,,,,,,,356.0
g1_online_only,LEO_ONLY,12,0.0,600,2,17,ok,,0,2,56.99504199947114,1483.0,4,10.001000000000001,0.03799999999978354,10.101999999999975,10.099875002197223,708.0,418.0,1483.0,2,1,4,1761206601146,1761206601176,,,,,,,,,,,,,,,,357.0
g1_online_only,LEO_ONLY,12,0.0,600,2,18,ok,,0,2,52.23208300230908,1482.0,4,9.658000000000001,0.03700000000003456,9.786000000000058,9.78387500072131,709.0,416.0,1482.0,2,1,4,1761206601442,1761206601466,,,,,,,,,,,,,,,,357.0
g1_online_only,LEO_ONLY,12,0.0,600,2,19,ok,,0,2,55.4442079992441,1481.0,4,10.073,0.03699999999980719,9.888999999999896,9.887333999358816,708.0,417.0,1481.0,2,1,4,1761206601747,1761206601773,,,,,,,,,,,,,,,,356.0
g1_online_only,LEO_ONLY,12,0.0,600,2,20,ok,,0,2,54.96658300035051,1480.0,4,9.881,0.03600000000028558,9.79999999999984,9.796916998311644,708.0,415.0,1480.0,2,1,4,1761206602052,1761206602078,,,,,,,,,,,,,,,,357.0
g1_online_only,LEO_ONLY,12,0.1,200,2,1,ok,,0,2,52.264958001615014,1477.0,4,9.883999999999997,0.03700000000003456,9.668999999999983,9.665749999840045,706.0,415.0,1477.0,2,1,4,1761206603042,1761206603067,,,,,,,,,,,,,,,,356.0
g1_online_only,LEO_ONLY,12,0.1,200,2,2,ok,,0,2,54.860666998138186,1481.0,4,9.879000000000005,0.034000000000332875,9.8599999999999,9.858165998593904,709.0,415.0,1481.0,2,1,4,1761206603342,1761206603370,,,,,,,,,,,,,,,,357.0
g1_online_only,LEO_ONLY,12,0.1,200,2,3,ok,,0,2,56.15354199835565,1483.0,4,9.898999999999994,0.03499999999985448,9.990999999999872,9.989707999920938,709.0,417.0,1483.0,2,1,4,1761206603650,1761206603677,,,,,,,,,,,,,,,,357.0
g1_online_only,LEO_ONLY,12,0.1,200,2,4,ok,,0,2,47.45958400235395,1477.0,4,9.632999999999996,0.03300000000012915,9.733999999999924,9.732541999255773,706.0,417.0,1477.0,2,1,4,1761206603948,1761206603971,,,,,,,,,,,,,,,,354.0
g1_online_only,LEO_ONLY,12,0.1,200,2,5,ok,,0,2,50.85550000148942,1480.0,4,9.711999999999996,0.035000000000081855,9.66700000000003,9.665333996963454,708.0,416.0,1480.0,2,1,4,1761206604222,1761206604246,,,,,,,,,,,,,,,,356.0
g1_online_only,LEO_ONLY,12,0.1,200,2,6,ok,,0,2,51.388458003202686,1479.0,4,9.799,0.036000000000512955,10.00100000000009,9.998082998208702,707.0,416.0,1479.0,2,1,4,1761206604504,1761206604528,,,,,,,,,,,,,,,,356.0
g1_online_only,LEO_ONLY,12,0.1,200,2,7,ok,,0,2,56.88779199772398,1483.0,4,10.175999999999998,0.03699999999980719,10.013999999999896,10.011209000367671,708.0,418.0,1483.0,2,1,4,1761206604815,1761206604841,,,,,,,,,,,,,,,,357.0
g1_online_only,LEO_ONLY,12,0.1,200,2,8,ok,,0,2,50.09408300247742,1482.0,4,9.660999999999998,0.035000000000081855,10.055999999999926,10.05395899846917,708.0,418.0,1482.0,2,1,4,1761206605112,1761206605137,,,,,,,,,,,,,,,,356.0
g1_online_only,LEO_ONLY,12,0.1,200,2,9,ok,,0,2,53.527500000200234,1483.0,4,9.881999999999998,0.03200000000038017,9.967000000000098,9.964249999029562,709.0,417.0,1483.0,2,1,4,1761206605403,1761206605431,,,,,,,,,,,,,,,,357.0
g1_online_only,LEO_ONLY,12,0.1,200,2,10,ok,,0,2,54.71274999945308,1485.0,4,9.716999999999999,0.035999999999830834,10.029999999999973,10.027666998212226,709.0,419.0,1485.0,2,1,4,1761206605692,1761206605720,,,,,,,,,,,,,,,,357.0
g1_online_only,LEO_ONLY,12,0.1,200,2,11,ok,,0,2,53.026333000161685,1483.0,4,9.889,0.035000000000081855,10.105000000000018,10.102791999088367,708.0,418.0,1483.0,2,1,4,1761206605997,1761206606023,,,,,,,,,,,,,,,,357.0
g1_online_only,LEO_ONLY,12,0.1,200,2,12,ok,,0,2,50.2877510007238,1479.0,4,9.776000000000007,0.035000000000081855,9.841999999999985,9.840250000706874,707.0,416.0,1479.0,2,1,4,1761206606295,1761206606317,,,,,,,,,,,,,,,,356.0
g1_online_only,LEO_ONLY,12,0.1,200,2,13,ok,,0,2,55.876333000924205,1480.0,4,9.935999999999996,0.035999999999830834,9.84699999999998,9.845165997830918,708.0,416.0,1480.0,2,1,4,1761206606589,1761206606617,,,,,,,,,,,,,,,,356.0
g1_online_only,LEO_ONLY,12,0.1,200,2,14,ok,,0,2,56.147084000258474,1481.0,4,9.611999999999998,0.037000000000261934,9.905000000000086,9.904750000714557,708.0,416.0,1481.0,2,1,4,1761206606891,1761206606919,,,,,,,,,,,,,,,,357.0
g1_online_only,LEO_ONLY,12,0.1,200,2,15,ok,,0,2,53.63783299981151,1483.0,4,9.824000000000002,0.03700000000003456,9.962999999999965,9.962457999790786,709.0,417.0,1483.0,2,1,4,1761206607193,1761206607218,,,,,,,,,,,,,,,,357.0
g1_online_only,LEO_ONLY,12,0.1,200,2,16,ok,,0,2,48.37879200204043,1482.0,4,9.832999999999998,0.03600000000005821,9.769000000000005,9.76745800289791,709.0,416.0,1482.0,2,1,4,1761206607487,1761206607511,,,,,,,,,,,,,,,,357.0
g1_online_only,LEO_ONLY,12,0.1,200,2,17,ok,,0,2,50.707458998658694,1481.0,4,9.807999999999996,0.035000000000081855,9.781000000000063,9.778291001566686,708.0,417.0,1481.0,2,1,4,1761206607780,1761206607806,,,,,,,,,,,,,,,,356.0
g1_online_only,LEO_ONLY,12,0.1,200,2,18,ok,,0,2,50.46470800152747,1482.0,4,9.925999999999998,0.0329999999996744,9.755999999999972,9.75645899961819,709.0,416.0,1482.0,2,1,4,1761206608065,1761206608089,,,,,,,,,,,,,,,,357.0
g1_online_only,LEO_ONLY,12,0.1,200,2,19,ok,,0,2,51.78408400024637,1479.0,4,9.440999999999999,0.0350000000005366,9.889999999999986,9.887875999993412,707.0,415.0,1479.0,2,1,4,1761206608372,1761206608398,,,,,,,,,,,,,,,,357.0
g1_online_only,LEO_ONLY,12,0.1,200,2,20,ok,,0,2,50.26416599866934,1483.0,4,9.484000000000009,0.04300000000034743,10.055000000000064,10.052334000647534,708.0,418.0,1483.0,2,1,4,1761206608673,1761206608697,,,,,,,,,,,,,,,,357.0
g1_online_only,LEO_ONLY,12,0.1,400,2,1,ok,,0,2,55.25645799934864,1481.0,4,9.936000000000003,0.037000000000261934,9.798999999999978,9.796292000828544,708.0,417.0,1481.0,2,1,4,1761206609689,1761206609716,,,,,,,,,,,,,,,,356.0
g1_online_only,LEO_ONLY,12,0.1,400,2,2,ok,,0,2,56.82141699799104,1484.0,4,10.069999999999993,0.03300000000012915,10.029999999999973,10.02774999869871,709.0,418.0,1484.0,2,1,4,1761206609976,1761206610003,,,,,,,,,,,,,,,,357.0
g1_online_only,LEO_ONLY,12,0.1,400,2,3,ok,,0,2,50.183084000309464,1477.0,4,9.830000000000005,0.038000000000010914,9.77699999999993,9.77466699987417,707.0,414.0,1477.0,2,1,4,1761206610306,1761206610329,,,,,,,,,,,,,,,,356.0
g1_online_only,LEO_ONLY,12,0.1,400,2,4,ok,,0,2,52.93349999919883,1481.0,4,9.841000000000005,0.03600000000005821,9.953000000000088,9.950374998879852,708.0,417.0,1481.0,2,1,4,1761206610588,1761206610616,,,,,,,,,,,,,,,,356.0
g1_online_only,LEO_ONLY,12,0.1,400,2,5,ok,,0,2,52.04345799938892,1478.0,4,9.786000000000005,0.03300000000035652,9.956000000000131,9.95366599818226,707.0,416.0,1478.0,2,1,4,1761206610873,1761206610896,,,,,,,,,,,,,,,,355.0
g1_online_only,LEO_ONLY,12,0.1,400,2,6,ok,,0,2,57.850709003105294,1483.0,4,10.048000000000005,0.03600000000005821,9.920999999999935,9.921374999976251,709.0,417.0,1483.0,2,1,4,1761206611159,1761206611188,,,,,,,,,,,,,,,,357.0
g1_online_only,LEO_ONLY,12,0.1,400,2,7,ok,,0,2,53.25379200075986,1482.0,4,9.854999999999997,0.035000000000763976,9.850000000000023,9.84812499882537,709.0,416.0,1482.0,2,1,4,1761206611476,1761206611501,,,,,,,,,,,,,,,,357.0
g1_online_only,LEO_ONLY,12,0.1,400,2,8,ok,,0,2,51.9272909987194,1483.0,4,9.788999999999998,0.03699999999980719,9.851000000000113,9.849375001067529,709.0,417.0,1483.0,2,1,4,1761206611778,1761206611800,,,,,,,,,,,,,,,,357.0
g1_online_only,LEO_ONLY,12,0.1,400,2,9,ok,,0,2,55.031541000062134,1483.0,4,10.026999999999997,0.033999999999650754,10.032000000000039,10.028874999989057,708.0,418.0,1483.0,2,1,4,1761206612077,1761206612103,,,,,,,,,,,,,,,,357.0
g1_online_only,LEO_ONLY,12,0.1,400,2,10,ok,,0,2,54.59195799994632,1483.0,4,9.709999999999997,0.04000000000041837,9.962000000000103,9.973125001124572,709.0,417.0,1483.0,2,1,4,1761206612359,1761206612382,,,,,,,,,,,,,,,,357.0
g1_online_only,LEO_ONLY,12,0.1,400,2,11,ok,,0,2,54.58241700034705,1481.0,4,9.899000000000001,0.037000000000261934,9.977999999999952,9.9761249985022,709.0,415.0,1481.0,2,1,4,1761206612648,1761206612677,,,,,,,,,,,,,,,,357.0
g1_online_only,LEO_ONLY,12,0.1,400,2,12,ok,,0,2,56.219375001091976,1477.0,4,10.099999999999998,0.03599999999960346,9.890999999999849,9.888208001939347,706.0,415.0,1477.0,2,1,4,1761206612959,1761206612988,,,,,,,,,,,,,,,,356.0
g1_online_only,LEO_ONLY,12,0.1,400,2,13,ok,,0,2,49.18179200103623,1480.0,4,9.687999999999999,0.04100000000016735,10.15300000000002,10.149749999982305,707.0,417.0,1480.0,2,1,4,1761206613260,1761206613284,,,,,,,,,,,,,,,,356.0
g1_online_only,LEO_ONLY,12,0.1,400,2,14,ok,,0,2,52.37445800230489,1481.0,4,9.784999999999997,0.03600000000005821,9.783999999999878,9.781708002265077,708.0,416.0,1481.0,2,1,4,1761206613543,1761206613569,,,,,,,,,,,,,,,,357.0
g1_online_only,LEO_ONLY,12,0.1,400,2,15,ok,,0,2,50.013708001642954,1481.0,4,9.645000000000007,0.032999999999901775,9.989999999999782,9.987125002226094,708.0,417.0,1481.0,2,1,4,1761206613824,1761206613848,,,,,,,,,,,,,,,,356.0
g1_online_only,LEO_ONLY,12,0.1,400,2,16,ok,,0,2,54.892750002181856,1483.0,4,10.04699999999999,0.03899999999975989,10.028999999999996,10.026874999311985,708.0,418.0,1483.0,2,1,4,1761206614111,1761206614138,,,,,,,,,,,,,,,,357.0
g1_online_only,LEO_ONLY,12,0.1,400,2,17,ok,,0,2,55.4957079984888,1478.0,4,9.805,0.03500000000030923,9.83400000000006,9.834374999627471,707.0,414.0,1478.0,2,1,4,1761206614403,1761206614428,,,,,,,,,,,,,,,,357.0
g1_online_only,LEO_ONLY,12,0.1,400,2,18,ok,,0,2,54.5727499993518,1477.0,4,9.831999999999994,0.038000000000010914,9.962999999999965,9.966790999897057,706.0,415.0,1477.0,2,1,4,1761206614721,1761206614747,,,,,,,,,,,,,,,,356.0
g1_online_only,LEO_ONLY,12,0.1,400,2,19,ok,,0,2,54.5177079984569,1483.0,4,10.119999999999997,0.03800000000092041,9.968999999999824,9.965917000954505,709.0,417.0,1483.0,2,1,4,1761206615023,1761206615050,,,,,,,,,,,,,,,,357.0
g1_online_only,LEO_ONLY,12,0.1,400,2,20,ok,,0,2,50.967208997462876,1481.0,4,9.786000000000005,0.03499999999985448,9.992999999999938,9.991625000111526,708.0,416.0,1481.0,2,1,4,1761206615316,1761206615339,,,,,,,,,,,,,,,,357.0
g1_online_only,LEO_ONLY,12,0.1,600,2,1,ok,,0,2,58.589167001628084,1483.0,4,10.101000000000003,0.03699999999980719,9.925999999999704,9.922665998601587,709.0,417.0,1483.0,2,1,4,1761206616306,1761206616336,,,,,,,,,,,,,,,,357.0
g1_online_only,LEO_ONLY,12,0.1,600,2,2,ok,,0,2,52.653375001682434,1482.0,4,10.460999999999999,0.03599999999960346,9.95900000000006,9.957083999324823,709.0,416.0,1482.0,2,1,4,1761206616606,1761206616632,,,,,,,,,,,,,,,,357.0
g1_online_only,LEO_ONLY,12,0.1,600,2,3,ok,,0,2,52.193083000020124,1479.0,4,9.776,0.03499999999985448,9.881000000000085,9.879249999357853,707.0,417.0,1479.0,2,1,4,1761206616911,1761206616936,,,,,,,,,,,,,,,,355.0
g1_online_only,LEO_ONLY,12,0.1,600,2,4,ok,,0,2,51.75108300318243,1481.0,4,9.968999999999998,0.03799999999910142,9.662000000000035,9.660458999860566,708.0,417.0,1481.0,2,1,4,1761206617203,1761206617229,,,,,,,,,,,,,,,,356.0
g1_online_only,LEO_ONLY,12,0.1,600,2,5,ok,,0,2,48.986167003022274,1483.0,4,9.949000000000002,0.03500000000030923,10.279999999999973,10.285583997756476,708.0,419.0,1483.0,2,1,4,1761206617480,1761206617502,,,,,,,,,,,,,,,,356.0
g1_online_only,LEO_ONLY,12,0.1,600,2,6,ok,,0,2,49.653665999358054,1480.0,4,9.828999999999997,0.03600000000005821,9.95699999999988,9.954250002920162,708.0,416.0,1480.0,2,1,4,1761206617778,1761206617801,,,,,,,,,,,,,,,,356.0
g1_online_only,LEO_ONLY,12,0.1,600,2,7,ok,,0,2,51.83016600130941,1479.0,4,9.804999999999996,0.032000000000152795,9.684999999999945,9.682791998784523,707.0,416.0,1479.0,2,1,4,1761206618079,1761206618105,,,,,,,,,,,,,,,,356.0
g1_online_only,LEO_ONLY,12,0.1,600,2,8,ok,,0,2,55.97916699844063,1483.0,4,9.922999999999995,0.035000000000763976,10.027000000000044,10.025334002421005,708.0,418.0,1483.0,2,1,4,1761206618372,1761206618399,,,,,,,,,,,,,,,,357.0
g1_online_only,LEO_ONLY,12,0.1,600,2,9,ok,,0,2,53.87825000070734,1480.0,4,9.992,0.033999999999650754,9.90800000000013,9.904875001666369,708.0,416.0,1480.0,2,1,4,1761206618674,1761206618700,,,,,,,,,,,,,,,,356.0
g1_online_only,LEO_ONLY,12,0.1,600,2,10,ok,,0,2,51.194791001762496,1477.0,4,9.573,0.035000000000763976,9.761999999999944,9.760040997207398,706.0,416.0,1477.0,2,1,4,1761206618969,1761206618994,,,,,,,,,,,,,,,,355.0
g1_online_only,LEO_ONLY,12,0.1,600,2,11,ok,,0,2,53.90708400227595,1481.0,4,9.8,0.03500000000030923,9.909999999999854,9.907625000778353,708.0,417.0,1481.0,2,1,4,1761206619246,1761206619271,,,,,,,,,,,,,,,,356.0
g1_online_only,LEO_ONLY,12,0.1,600,2,12,ok,,0,2,57.13645799914957,1483.0,4,10.010000000000002,0.03500000000030923,9.808999999999969,9.807291000470286,709.0,417.0,1483.0,2,1,4,1761206619544,1761206619572,,,,,,,,,,,,,,,,357.0
g1_online_only,LEO_ONLY,12,0.1,600,2,13,ok,,0,2,55.31320900263381,1480.0,4,9.889999999999993,0.03699999999980719,9.884999999999991,9.88350000261562,708.0,416.0,1480.0,2,1,4,1761206619841,1761206619867,,,,,,,,,,,,,,,,356.0
g1_online_only,LEO_ONLY,12,0.1,600,2,14,ok,,0,2,50.28087499886169,1481.0,4,9.790999999999997,0.03900000000066939,9.929000000000087,9.925999998813495,708.0,416.0,1481.0,2,1,4,1761206620137,1761206620162,,,,,,,,,,,,,,,,357.0
g1_online_only,LEO_ONLY,12,0.1,600,2,15,ok,,0,2,57.75191700013238,1480.0,4,10.242999999999999,0.03600000000005821,9.764000000000124,9.76220899974578,708.0,416.0,1480.0,2,1,4,1761206620428,1761206620456,,,,,,,,,,,,,,,,356.0
g1_online_only,LEO_ONLY,12,0.1,600,2,16,ok,,0,2,53.01591600073152,1480.0,4,9.657,0.03300000000035652,10.03300000000013,10.030292000010377,707.0,417.0,1480.0,2,1,4,1761206620735,1761206620760,,,,,,,,,,,,,,,,356.0
g1_online_only,LEO_ONLY,12,0.1,600,2,17,ok,,0,2,48.64429100052803,1479.0,4,9.549,0.03199999999969805,9.872000000000071,9.869292000075802,707.0,416.0,1479.0,2,1,4,1761206621025,1761206621049,,,,,,,,,,,,,,,,356.0
g1_online_only,LEO_ONLY,12,0.1,600,2,18,ok,,0,2,54.505625001183944,1483.0,4,9.996999999999996,0.03800000000046566,10.210999999999785,10.210249998635845,708.0,418.0,1483.0,2,1,4,1761206621329,1761206621355,,,,,,,,,,,,,,,,357.0
g1_online_only,LEO_ONLY,12,0.1,600,2,19,ok,,0,2,54.59566700301366,1478.0,4,9.731999999999996,0.037000000000261934,9.906999999999925,9.90595799885341,707.0,415.0,1478.0,2,1,4,1761206621620,1761206621647,,,,,,,,,,,,,,,,356.0
g1_online_only,LEO_ONLY,12,0.1,600,2,20,ok,,0,2,55.884000001242384,1480.0,4,9.907,0.03799999999955617,9.692000000000007,9.68983299753745,708.0,415.0,1480.0,2,1,4,1761206621920,1761206621947,,,,,,,,,,,,,,,,357.0
g1_online_only,LEO_ONLY,24,0.0,200,2,1,ok,,0,2,69.40645899885567,1482.0,4,10.062999999999992,0.04100000000016735,10.03300000000013,10.029458000644809,708.0,417.0,1482.0,2,1,4,1761206622910,1761206622945,,,,,,,,,,,,,,,,357.0
g1_online_only,LEO_ONLY,24,0.0,200,2,2,ok,,0,2,74.53991600050358,1483.0,4,10.678000000000004,0.03900000000021464,10.279999999999973,10.277291999955196,708.0,419.0,1483.0,2,1,4,1761206623264,1761206623303,,,,,,,,,,,,,,,,356.0
g1_online_only,LEO_ONLY,24,0.0,200,2,3,ok,,0,2,72.31291700009024,1484.0,4,10.224,0.036000000000512955,10.44399999999996,10.464999999385327,709.0,418.0,1484.0,2,1,4,1761206623600,1761206623639,,,,,,,,,,,,,,,,357.0
g1_online_only,LEO_ONLY,24,0.0,200,2,4,ok,,0,2,77.66241600256762,1483.0,4,11.040999999999993,0.04300000000012005,10.493000000000166,10.491083001397783,708.0,418.0,1483.0,2,1,4,1761206623938,1761206623979,,,,,,,,,,,,,,,,357.0
g1_online_only,LEO_ONLY,24,0.0,200,2,5,ok,,0,2,71.9559159988421,1483.0,4,10.520999999999994,0.038000000000010914,10.230000000000018,10.225417001493042,708.0,419.0,1483.0,2,1,4,1761206624295,1761206624333,,,,,,,,,,,,,,,,356.0
g1_online_only,LEO_ONLY,24,0.0,200,2,6,ok,,0,2,68.35112499902607,1483.0,4,10.478000000000002,0.041999999999916326,9.901000000000067,9.913249999954132,709.0,417.0,1483.0,2,1,4,1761206624634,1761206624669,,,,,,,,,,,,,,,,357.0
g1_online_only,LEO_ONLY,24,0.0,200,2,7,ok,,0,2,70.29137500285287,1481.0,4,10.395000000000003,0.03600000000005821,9.857999999999947,9.8560840015125,709.0,415.0,1481.0,2,1,4,1761206624969,1761206625001,,,,,,,,,,,,,,,,357.0
g1_online_only,LEO_ONLY,24,0.0,200,2,8,ok,,0,2,76.70604199665831,1485.0,4,10.690000000000005,0.03900000000021464,10.187999999999874,10.184583999944152,709.0,419.0,1485.0,2,1,4,1761206625304,1761206625342,,,,,,,,,,,,,,,,357.0
g1_online_only,LEO_ONLY,24,0.0,200,2,9,ok,,0,2,70.75195899960818,1479.0,4,10.242000000000004,0.03800000000046566,9.894999999999982,9.892917001707247,707.0,416.0,1479.0,2,1,4,1761206625638,1761206625675,,,,,,,,,,,,,,,,356.0
g1_online_only,LEO_ONLY,24,0.0,200,2,10,ok,,0,2,76.57641599871567,1482.0,4,10.571000000000005,0.04800000000068394,10.538000000000011,10.54541700068512,708.0,418.0,1482.0,2,1,4,1761206625977,1761206626019,,,,,,,,,,,,,,,,356.0
g1_online_only,LEO_ONLY,24,0.0,200,2,11,ok,,0,2,73.42237499688054,1481.0,4,10.358999999999988,0.03799999999955617,10.274000000000115,10.273707997839665,707.0,418.0,1481.0,2,1,4,1761206626321,1761206626360,,,,,,,,,,,,,,,,356.0
g1_online_only,LEO_ONLY,24,0.0,200,2,12,ok,,0,2,70.66645799932303,1483.0,4,10.264999999999993,0.037000000000261934,10.077999999999747,10.075334001157898,708.0,419.0,1483.0,2,1,4,1761206626659,1761206626695,,,,,,,,,,,,,,,,356.0
g1_online_only,LEO_ONLY,24,0.0,200,2,13,ok,,0,2,72.00345800083596,1485.0,4,10.174999999999997,0.03599999999960346,10.246000000000095,10.243999997328501,709.0,419.0,1485.0,2,1,4,1761206627005,1761206627044,,,,,,,,,,,,,,,,357.0
g1_online_only,LEO_ONLY,24,0.0,200,2,14,ok,,0,2,74.78654200167512,1483.0,4,10.694000000000003,0.0409999999997126,10.138999999999896,10.140124999452382,708.0,418.0,1483.0,2,1,4,1761206627341,1761206627381,,,,,,,,,,,,,,,,357.0
g1_online_only,LEO_ONLY,24,0.0,200,2,15,ok,,0,2,73.85970900213579,1483.0,4,10.972999999999995,0.0340000000001055,10.281000000000176,10.279124999215128,708.0,418.0,1483.0,2,1,4,1761206627673,1761206627713,,,,,,,,,,,,,,,,357.0
g1_online_only,LEO_ONLY,24,0.0,200,2,16,ok,,0,2,72.8182500024559,1481.0,4,10.568000000000005,0.04100000000016735,10.2650000000001,10.264082997309742,708.0,417.0,1481.0,2,1,4,1761206628053,1761206628093,,,,,,,,,,,,,,,,356.0
g1_online_only,LEO_ONLY,24,0.0,200,2,17,ok,,0,2,71.43237499985844,1481.0,4,10.526,0.032999999999901775,10.122000000000071,10.119167000084417,707.0,418.0,1481.0,2,1,4,1761206628386,1761206628420,,,,,,,,,,,,,,,,356.0
g1_online_only,LEO_ONLY,24,0.0,200,2,18,ok,,0,2,75.3425420007261,1481.0,4,10.404999999999998,0.037000000000261934,9.991000000000213,9.988416997657623,708.0,417.0,1481.0,2,1,4,1761206628713,1761206628750,,,,,,,,,,,,,,,,356.0
g1_online_only,LEO_ONLY,24,0.0,200,2,19,ok,,0,2,77.44458399974974,1485.0,4,10.667999999999992,0.03999999999996362,10.230999999999767,10.228999999526422,709.0,419.0,1485.0,2,1,4,1761206629049,1761206629089,,,,,,,,,,,,,,,,357.0
g1_online_only,LEO_ONLY,24,0.0,200,2,20,ok,,0,2,80.67587500045192,1479.0,4,10.947999999999997,0.06099999999969441,10.288000000000011,10.285249998560175,706.0,416.0,1479.0,2,1,4,1761206629376,1761206629418,,,,,,,,,,,,,,,,357.0
g1_online_only,LEO_ONLY,24,0.0,400,2,1,ok,,0,2,86.98912500040024,1484.0,4,18.153,0.06699999999955253,21.74499999999989,21.743624998634914,709.0,418.0,1484.0,2,1,4,1761206630437,1761206630471,,,,,,,,,,,,,,,,357.0
g1_online_only,LEO_ONLY,24,0.0,400,2,2,ok,,0,2,73.92758400237653,1485.0,4,10.678,0.04400000000032378,10.230000000000246,10.227082999335835,709.0,419.0,1485.0,2,1,4,1761206630812,1761206630852,,,,,,,,,,,,,,,,357.0
g1_online_only,LEO_ONLY,24,0.0,400,2,3,ok,,0,2,79.49104200088186,1482.0,4,10.533000000000001,0.03599999999960346,10.69399999999996,10.690834002161864,708.0,418.0,1482.0,2,1,4,1761206631152,1761206631194,,,,,,,,,,,,,,,,356.0
g1_online_only,LEO_ONLY,24,0.0,400,2,4,ok,,0,2,77.61424999989686,1481.0,4,10.626000000000005,0.04500000000007276,10.238000000000056,10.235375000775093,707.0,418.0,1481.0,2,1,4,1761206631501,1761206631541,,,,,,,,,,,,,,,,356.0
g1_online_only,LEO_ONLY,24,0.0,400,2,5,ok,,0,2,71.09691699952236,1483.0,4,10.476999999999997,0.03599999999960346,10.183999999999969,10.182166999584297,708.0,419.0,1483.0,2,1,4,1761206631846,1761206631884,,,,,,,,,,,,,,,,356.0
g1_online_only,LEO_ONLY,24,0.0,400,2,6,ok,,0,2,73.7322499990114,1485.0,4,10.205999999999996,0.03500000000030923,10.269999999999754,10.270375001709908,709.0,419.0,1485.0,2,1,4,1761206632181,1761206632220,,,,,,,,,,,,,,,,357.0
g1_online_only,LEO_ONLY,24,0.0,400,2,7,ok,,0,2,75.44599999891943,1482.0,4,10.471999999999994,0.03599999999960346,10.134000000000015,10.13733299987507,708.0,418.0,1482.0,2,1,4,1761206632499,1761206632538,,,,,,,,,,,,,,,,356.0
g1_online_only,LEO_ONLY,24,0.0,400,2,8,ok,,0,2,74.61899999907473,1483.0,4,10.332999999999998,0.03899999999975989,10.173000000000002,10.170958001253894,708.0,418.0,1483.0,2,1,4,1761206632838,1761206632879,,,,,,,,,,,,,,,,357.0
g1_online_only,LEO_ONLY,24,0.0,400,2,9,ok,,0,2,71.6140419972362,1479.0,4,10.207999999999995,0.03699999999980719,10.034999999999854,10.031958001491148,706.0,418.0,1479.0,2,1,4,1761206633193,1761206633233,,,,,,,,,,,,,,,,355.0
g1_online_only,LEO_ONLY,24,0.0,400,2,10,ok,,0,2,74.40333400154486,1483.0,4,10.533999999999999,0.03900000000021464,10.417999999999893,10.415416996693239,708.0,419.0,1483.0,2,1,4,1761206633553,1761206633591,,,,,,,,,,,,,,,,356.0
g1_online_only,LEO_ONLY,24,0.0,400,2,11,ok,,0,2,73.78737500039279,1481.0,4,10.602,0.034999999999399733,10.248000000000047,10.245166999084176,707.0,418.0,1481.0,2,1,4,1761206633895,1761206633933,,,,,,,,,,,,,,,,356.0
g1_online_only,LEO_ONLY,24,0.0,400,2,12,ok,,0,2,76.59083400358213,1483.0,4,12.463000000000001,0.048999999999523425,10.940000000000055,10.942041997623164,708.0,418.0,1483.0,2,1,4,1761206634263,1761206634303,,,,,,,,,,,,,,,,357.0
g1_online_only,LEO_ONLY,24,0.0,400,2,13,ok,,0,2,74.20229200215545,1479.0,4,10.431999999999995,0.047999999999774445,11.5150000000001,11.514792000525631,707.0,416.0,1479.0,2,1,4,1761206634610,1761206634646,,,,,,,,,,,,,,,,356.0
g1_online_only,LEO_ONLY,24,0.0,400,2,14,ok,,0,2,68.15837499743793,1485.0,4,10.567,0.042000000000371074,11.379999999999882,11.376417001883965,709.0,419.0,1485.0,2,1,4,1761206634948,1761206634983,,,,,,,,,,,,,,,,357.0
g1_online_only,LEO_ONLY,24,0.0,400,2,15,ok,,0,2,70.74954099880415,1482.0,4,10.46400000000001,0.12400000000025102,10.40800000000013,10.407457997644087,708.0,417.0,1482.0,2,1,4,1761206635283,1761206635319,,,,,,,,,,,,,,,,357.0
g1_online_only,LEO_ONLY,24,0.0,400,2,16,ok,,0,2,72.42170899917255,1480.0,4,10.019000000000005,0.038000000000010914,10.19900000000007,10.197125000559026,707.0,417.0,1480.0,2,1,4,1761206635601,1761206635638,,,,,,,,,,,,,,,,356.0
g1_online_only,LEO_ONLY,24,0.0,400,2,17,ok,,0,2,72.66774999879999,1481.0,4,10.538,0.03999999999950887,10.049000000000206,10.046082999906503,707.0,418.0,1481.0,2,1,4,1761206635951,1761206635985,,,,,,,,,,,,,,,,356.0
g1_online_only,LEO_ONLY,24,0.0,400,2,18,ok,,0,2,68.75029200091376,1479.0,4,10.172999999999995,0.038000000000010914,9.991999999999962,9.986499997467035,707.0,415.0,1479.0,2,1,4,1761206636308,1761206636343,,,,,,,,,,,,,,,,357.0
g1_online_only,LEO_ONLY,24,0.0,400,2,19,ok,,0,2,70.94112499908078,1484.0,4,10.380000000000006,0.042999999999665306,10.25200000000018,10.247707999951672,709.0,418.0,1484.0,2,1,4,1761206636639,1761206636677,,,,,,,,,,,,,,,,357.0
g1_online_only,LEO_ONLY,24,0.0,400,2,20,ok,,0,2,76.15700000314973,1483.0,4,10.485,0.03900000000021464,10.132000000000062,10.129374997632112,708.0,419.0,1483.0,2,1,4,1761206637001,1761206637038,,,,,,,,,,,,,,,,356.0
g1_online_only,LEO_ONLY,24,0.0,600,2,1,ok,,0,2,75.70108300205902,1481.0,4,10.299,0.03999999999996362,10.218000000000075,10.213666999334237,707.0,418.0,1481.0,2,1,4,1761206638028,1761206638067,,,,,,,,,,,,,,,,356.0
g1_online_only,LEO_ONLY,24,0.0,600,2,2,ok,,0,2,80.60183400084497,1485.0,4,10.657,0.04300000000012005,10.583000000000084,10.580875001323875,709.0,419.0,1485.0,2,1,4,1761206638366,1761206638409,,,,,,,,,,,,,,,,357.0
g1_online_only,LEO_ONLY,24,0.0,600,2,3,ok,,0,2,73.68037500054925,1485.0,4,10.849,0.05800000000090222,13.335000000000036,13.333709001017269,709.0,419.0,1485.0,2,1,4,1761206638702,1761206638739,,,,,,,,,,,,,,,,357.0
g1_online_only,LEO_ONLY,24,0.0,600,2,4,ok,,0,2,71.28266699874075,1483.0,4,10.541000000000004,0.03999999999996362,10.433999999999742,10.435708001750754,708.0,419.0,1483.0,2,1,4,1761206639043,1761206639081,,,,,,,,,,,,,,,,356.0
g1_online_only,LEO_ONLY,24,0.0,600,2,5,ok,,0,2,94.82999999818276,1477.0,4,10.494999999999997,0.04099999999925785,27.05399999999986,27.04841599916108,706.0,415.0,1477.0,2,1,4,1761206639361,1761206639402,,,,,,,,,,,,,,,,356.0
g1_online_only,LEO_ONLY,24,0.0,600,2,6,ok,,0,2,73.04737499725888,1483.0,4,10.556000000000001,0.041000000000622094,10.380999999999858,10.378291000961326,708.0,418.0,1483.0,2,1,4,1761206639715,1761206639753,,,,,,,,,,,,,,,,357.0
g1_online_only,LEO_ONLY,24,0.0,600,2,7,ok,,0,2,71.76829200034263,1483.0,4,10.384,0.03700000000071668,10.150000000000091,10.147458000574261,708.0,418.0,1483.0,2,1,4,1761206640063,1761206640101,,,,,,,,,,,,,,,,357.0
g1_online_only,LEO_ONLY,24,0.0,600,2,8,ok,,0,2,75.95545799995307,1483.0,4,10.560000000000002,0.03999999999950887,10.101999999999862,10.104791002959246,708.0,418.0,1483.0,2,1,4,1761206640408,1761206640444,,,,,,,,,,,,,,,,357.0
g1_online_only,LEO_ONLY,24,0.0,600,2,9,ok,,0,2,78.1619170011254,1483.0,4,10.356999999999996,0.03600000000005821,10.272000000000162,10.268417001498165,708.0,418.0,1483.0,2,1,4,1761206640751,1761206640793,,,,,,,,,,,,,,,,357.0
g1_online_only,LEO_ONLY,24,0.0,600,2,10,ok,,0,2,75.15966600112733,1480.0,4,10.311,0.03699999999935244,10.081000000000131,10.07887500236393,707.0,416.0,1480.0,2,1,4,1761206641097,1761206641135,,,,,,,,,,,,,,,,357.0
g1_online_only,LEO_ONLY,24,0.0,600,2,11,ok,,0,2,81.93158400172251,1485.0,4,10.638000000000002,0.03800000000046566,10.228000000000065,10.225582998828031,709.0,419.0,1485.0,2,1,4,1761206641429,1761206641472,,,,,,,,,,,,,,,,357.0
g1_online_only,LEO_ONLY,24,0.0,600,2,12,ok,,0,2,78.41258299959009,1483.0,4,10.614999999999995,0.034999999998944986,10.365000000000236,10.362249999161577,708.0,419.0,1483.0,2,1,4,1761206641784,1761206641825,,,,,,,,,,,,,,,,356.0
g1_online_only,LEO_ONLY,24,0.0,600,2,13,ok,,0,2,70.67425000059302,1481.0,4,10.553,0.038000000001375156,10.067999999999984,10.065250000479864,707.0,417.0,1481.0,2,1,4,1761206642123,1761206642161,,,,,,,,,,,,,,,,357.0
g1_online_only,LEO_ONLY,24,0.0,600,2,14,ok,,0,2,71.02258300074027,1483.0,4,10.254999999999999,0.040000000000873115,10.230000000000018,10.227667000435758,708.0,419.0,1483.0,2,1,4,1761206642459,1761206642498,,,,,,,,,,,,,,,,356.0
g1_online_only,LEO_ONLY,24,0.0,600,2,15,ok,,0,2,72.55158399857464,1483.0,4,10.404000000000003,0.03799999999864667,10.288000000000011,10.285374999511987,708.0,419.0,1483.0,2,1,4,1761206642792,1761206642833,,,,,,,,,,,,,,,,356.0
g1_online_only,LEO_ONLY,24,0.0,600,2,16,ok,,0,2,78.90695900277933,1484.0,4,10.521000000000004,0.03899999999975989,10.27800000000002,10.275083001033636,709.0,418.0,1484.0,2,1,4,1761206643128,1761206643170,,,,,,,,,,,,,,,,357.0
g1_online_only,LEO_ONLY,24,0.0,600,2,17,ok,,0,2,75.98729100209312,1485.0,4,10.222000000000001,0.03899999999975989,10.225999999999885,10.224165998806711,709.0,419.0,1485.0,2,1,4,1761206643462,1761206643500,,,,,,,,,,,,,,,,357.0
g1_online_only,LEO_ONLY,24,0.0,600,2,18,ok,,0,2,78.05970900153625,1483.0,4,10.406999999999996,0.04000000000178261,10.160000000000082,10.157917000469752,708.0,418.0,1483.0,2,1,4,1761206643811,1761206643851,,,,,,,,,,,,,,,,357.0
g1_online_only,LEO_ONLY,24,0.0,600,2,19,ok,,0,2,71.15762500325218,1481.0,4,10.259000000000007,0.037000000000261934,10.204999999999927,10.203041998465778,707.0,418.0,1481.0,2,1,4,1761206644164,1761206644202,,,,,,,,,,,,,,,,356.0
g1_online_only,LEO_ONLY,24,0.0,600,2,20,ok,,0,2,72.37737500327057,1481.0,4,10.515999999999998,0.033999999999650754,10.07899999999995,10.07716700041783,708.0,417.0,1481.0,2,1,4,1761206644491,1761206644529,,,,,,,,,,,,,,,,356.0
g1_online_only,LEO_ONLY,24,0.1,200,2,1,ok,,0,2,77.30925000214484,1483.0,4,10.922000000000004,0.052999999999883585,10.960000000000036,10.960749998048414,708.0,419.0,1483.0,2,1,4,1761206645550,1761206645591,,,,,,,,,,,,,,,,356.0
g1_online_only,LEO_ONLY,24,0.1,200,2,2,ok,,0,2,74.6727080004348,1484.0,4,10.371999999999993,0.03799999999955617,10.111000000000104,10.10912499987171,709.0,418.0,1484.0,2,1,4,1761206645881,1761206645919,,,,,,,,,,,,,,,,357.0
g1_online_only,LEO_ONLY,24,0.1,200,2,3,ok,,0,2,73.1132910004817,1481.0,4,10.685000000000002,0.04899999999906868,10.357999999999947,10.356082999351202,707.0,418.0,1481.0,2,1,4,1761206646240,1761206646278,,,,,,,,,,,,,,,,356.0
g1_online_only,LEO_ONLY,24,0.1,200,2,4,ok,,0,2,72.0718750017113,1485.0,4,10.527000000000001,0.03900000000066939,10.269000000000005,10.266582998156082,709.0,419.0,1485.0,2,1,4,1761206646591,1761206646629,,,,,,,,,,,,,,,,357.0
g1_online_only,LEO_ONLY,24,0.1,200,2,5,ok,,0,2,72.59479200001806,1481.0,4,10.46,0.035000000000763976,9.935999999999694,9.933667002769653,708.0,416.0,1481.0,2,1,4,1761206646925,1761206646961,,,,,,,,,,,,,,,,357.0
g1_online_only,LEO_ONLY,24,0.1,200,2,6,ok,,0,2,77.04962500065449,1483.0,4,10.434999999999995,0.042999999999665306,10.257000000000062,10.255917000904446,708.0,419.0,1483.0,2,1,4,1761206647270,1761206647309,,,,,,,,,,,,,,,,356.0
g1_online_only,LEO_ONLY,24,0.1,200,2,7,ok,,0,2,75.39308299965342,1483.0,4,10.401,0.04200000000128057,10.102999999999838,10.101290998136392,708.0,419.0,1483.0,2,1,4,1761206647611,1761206647648,,,,,,,,,,,,,,,,356.0
g1_online_only,LEO_ONLY,24,0.1,200,2,8,ok,,0,2,68.04075000036391,1485.0,4,10.117999999999999,0.035000000000763976,10.127999999999702,10.126083001523511,709.0,419.0,1485.0,2,1,4,1761206647952,1761206647989,,,,,,,,,,,,,,,,357.0
g1_online_only,LEO_ONLY,24,0.1,200,2,9,ok,,0,2,74.88987499891664,1483.0,4,10.596000000000004,0.03999999999996362,10.368999999999687,10.367915998358512,708.0,419.0,1483.0,2,1,4,1761206648279,1761206648317,,,,,,,,,,,,,,,,356.0
g1_online_only,LEO_ONLY,24,0.1,200,2,10,ok,,0,2,78.89412499935133,1482.0,4,10.590000000000003,0.037000000000261934,10.25400000000036,10.250167000776855,708.0,418.0,1482.0,2,1,4,1761206648619,1761206648659,,,,,,,,,,,,,,,,356.0
g1_online_only,LEO_ONLY,24,0.1,200,2,11,ok,,0,2,79.81162500072969,1483.0,4,10.64,0.035000000000763976,10.590000000000146,10.587791999569163,708.0,419.0,1483.0,2,1,4,1761206648962,1761206649004,,,,,,,,,,,,,,,,356.0
g1_online_only,LEO_ONLY,24,0.1,200,2,12,ok,,0,2,78.28954200158478,1483.0,4,10.583999999999996,0.03800000000046566,10.360999999999422,10.357499999372521,708.0,419.0,1483.0,2,1,4,1761206649319,1761206649361,,,,,,,,,,,,,,,,356.0
g1_online_only,LEO_ONLY,24,0.1,200,2,13,ok,,0,2,77.70091600104934,1485.0,4,10.737999999999992,0.03899999999975989,10.478999999999814,10.476708001078805,709.0,419.0,1485.0,2,1,4,1761206649661,1761206649704,,,,,,,,,,,,,,,,357.0
g1_online_only,LEO_ONLY,24,0.1,200,2,14,ok,,0,2,72.26033400002052,1481.0,4,10.888000000000002,0.04899999999906868,11.011000000000422,11.010000001988374,707.0,418.0,1481.0,2,1,4,1761206650005,1761206650043,,,,,,,,,,,,,,,,356.0
g1_online_only,LEO_ONLY,24,0.1,200,2,15,ok,,0,2,74.88437500069267,1485.0,4,10.476000000000003,0.037000000000261934,10.196999999999662,10.194957998464815,709.0,419.0,1485.0,2,1,4,1761206650336,1761206650377,,,,,,,,,,,,,,,,357.0
g1_online_only,LEO_ONLY,24,0.1,200,2,16,ok,,0,2,74.78633299979265,1484.0,4,10.166000000000004,0.033999999999650754,10.32699999999977,10.324999999284046,709.0,418.0,1484.0,2,1,4,1761206650680,1761206650719,,,,,,,,,,,,,,,,357.0
g1_online_only,LEO_ONLY,24,0.1,200,2,17,ok,,0,2,73.33862499945099,1481.0,4,10.11099999999999,0.04299999999875581,10.851999999999862,10.853458999918075,707.0,418.0,1481.0,2,1,4,1761206651009,1761206651049,,,,,,,,,,,,,,,,356.0
g1_online_only,LEO_ONLY,24,0.1,200,2,18,ok,,0,2,74.4213750003837,1484.0,4,10.532,0.03799999999955617,10.000999999999749,9.998624998843297,709.0,418.0,1484.0,2,1,4,1761206651353,1761206651392,,,,,,,,,,,,,,,,357.0
g1_online_only,LEO_ONLY,24,0.1,200,2,19,ok,,0,2,77.13095900180633,1483.0,4,10.515000000000004,0.036999999998442945,10.076000000000022,10.073209003166994,708.0,419.0,1483.0,2,1,4,1761206651696,1761206651736,,,,,,,,,,,,,,,,356.0
g1_online_only,LEO_ONLY,24,0.1,200,2,20,ok,,0,2,66.78316599936807,1485.0,4,10.107,0.037000000000261934,10.161999999999807,10.159124998608604,709.0,419.0,1485.0,2,1,4,1761206652059,1761206652094,,,,,,,,,,,,,,,,357.0
g1_online_only,LEO_ONLY,24,0.1,400,2,1,ok,,0,2,73.06045800214633,1482.0,4,10.671000000000006,0.04799999999886495,10.64700000000039,10.645166999893263,708.0,417.0,1482.0,2,1,4,1761206653082,1761206653121,,,,,,,,,,,,,,,,357.0
g1_online_only,LEO_ONLY,24,0.1,400,2,2,ok,,0,2,74.78608299788903,1480.0,4,11.035000000000004,0.05299999999897409,10.628999999999905,10.62804100001813,707.0,417.0,1480.0,2,1,4,1761206653434,1761206653473,,,,,,,,,,,,,,,,356.0
g1_online_only,LEO_ONLY,24,0.1,400,2,3,ok,,0,2,79.91470799970557,1483.0,4,10.791000000000004,0.03699999999935244,10.242999999999938,10.239750001346692,708.0,419.0,1483.0,2,1,4,1761206653769,1761206653811,,,,,,,,,,,,,,,,356.0
g1_online_only,LEO_ONLY,24,0.1,400,2,4,ok,,0,2,76.9094999996014,1485.0,4,10.820999999999998,0.04199999999946158,10.207000000000335,10.204916998191038,709.0,419.0,1485.0,2,1,4,1761206654124,1761206654163,,,,,,,,,,,,,,,,357.0
g1_online_only,LEO_ONLY,24,0.1,400,2,5,ok,,0,2,71.88920800035703,1483.0,4,10.340999999999998,0.03900000000066939,9.910999999999603,9.909166998113506,709.0,417.0,1483.0,2,1,4,1761206654464,1761206654500,,,,,,,,,,,,,,,,357.0
g1_online_only,LEO_ONLY,24,0.1,400,2,6,ok,,0,2,102.12520899949595,1484.0,4,10.890999999999991,0.0430000000005748,40.94600000000037,40.982042002724484,709.0,418.0,1484.0,2,1,4,1761206654823,1761206654858,,,,,,,,,,,,,,,,357.0
g1_online_only,LEO_ONLY,24,0.1,400,2,7,ok,,0,2,76.98416600032942,1483.0,4,10.642000000000003,0.03900000000066939,10.331000000000131,10.329875000024913,708.0,418.0,1483.0,2,1,4,1761206655190,1761206655231,,,,,,,,,,,,,,,,357.0
g1_online_only,LEO_ONLY,24,0.1,400,2,8,ok,,0,2,71.69237499692827,1482.0,4,10.191999999999997,0.039999999999054126,10.24599999999964,10.243208998872433,708.0,417.0,1482.0,2,1,4,1761206655541,1761206655580,,,,,,,,,,,,,,,,357.0
g1_online_only,LEO_ONLY,24,0.1,400,2,9,ok,,0,2,74.60733300104039,1480.0,4,10.222999999999992,0.038999999997940904,10.51299999999992,10.510207997867838,707.0,417.0,1480.0,2,1,4,1761206655892,1761206655931,,,,,,,,,,,,,,,,356.0
g1_online_only,LEO_ONLY,24,0.1,400,2,10,ok,,0,2,71.13116700202227,1483.0,4,10.403000000000006,0.03800000000046566,10.251999999999953,10.248209000565112,708.0,418.0,1483.0,2,1,4,1761206656239,1761206656278,,,,,,,,,,,,,,,,357.0
g1_online_only,LEO_ONLY,24,0.1,400,2,11,ok,,0,2,75.57829199868138,1480.0,4,10.628999999999998,0.03999999999996362,10.24099999999953,10.238625000056345,707.0,417.0,1480.0,2,1,4,1761206656581,1761206656620,,,,,,,,,,,,,,,,356.0
g1_online_only,LEO_ONLY,24,0.1,400,2,12,ok,,0,2,79.05766700059758,1481.0,4,11.46,0.054000000000996806,10.831000000000131,10.829083999851719,707.0,418.0,1481.0,2,1,4,1761206656950,1761206656993,,,,,,,,,,,,,,,,356.0
g1_online_only,LEO_ONLY,24,0.1,400,2,13,ok,,0,2,69.77712499792688,1479.0,4,10.412000000000006,0.036999999998442945,9.992999999999483,9.989290996600175,707.0,416.0,1479.0,2,1,4,1761206657303,1761206657338,,,,,,,,,,,,,,,,356.0
g1_online_only,LEO_ONLY,24,0.1,400,2,14,ok,,0,2,69.29216599746724,1483.0,4,10.319999999999997,0.035000000000763976,10.081000000000131,10.078749997774139,708.0,418.0,1483.0,2,1,4,1761206657629,1761206657665,,,,,,,,,,,,,,,,357.0
g1_online_only,LEO_ONLY,24,0.1,400,2,15,ok,,0,2,76.04058300057659,1480.0,4,10.335000000000004,0.03899999999975989,10.29800000000023,10.2957500021148,708.0,416.0,1480.0,2,1,4,1761206657968,1761206658011,,,,,,,,,,,,,,,,356.0
g1_online_only,LEO_ONLY,24,0.1,400,2,16,ok,,0,2,79.95508299791254,1485.0,4,10.862000000000002,0.042000000000371074,10.597000000000207,10.596374999295222,709.0,419.0,1485.0,2,1,4,1761206658328,1761206658370,,,,,,,,,,,,,,,,357.0
g1_online_only,LEO_ONLY,24,0.1,400,2,17,ok,,0,2,75.08225000128732,1483.0,4,10.541999999999998,0.03799999999955617,10.23299999999972,10.22983400252997,709.0,417.0,1483.0,2,1,4,1761206658669,1761206658711,,,,,,,,,,,,,,,,357.0
g1_online_only,LEO_ONLY,24,0.1,400,2,18,ok,,0,2,70.3458749994752,1485.0,4,10.366,0.03800000000046566,10.239000000000033,10.235875000944361,709.0,419.0,1485.0,2,1,4,1761206658997,1761206659032,,,,,,,,,,,,,,,,357.0
g1_online_only,LEO_ONLY,24,0.1,400,2,19,ok,,0,2,76.04616599928704,1479.0,4,11.478999999999996,0.04099999999925785,11.00799999999981,11.00600000063423,707.0,416.0,1479.0,2,1,4,1761206659335,1761206659373,,,,,,,,,,,,,,,,356.0
g1_online_only,LEO_ONLY,24,0.1,400,2,20,ok,,0,2,71.24933299928671,1485.0,4,10.672000000000004,0.04199999999946158,10.186999999999898,10.184167000261368,709.0,419.0,1485.0,2,1,4,1761206659704,1761206659743,,,,,,,,,,,,,,,,357.0
g1_online_only,LEO_ONLY,24,0.1,600,2,1,ok,,0,2,68.96387500091805,1482.0,4,10.269000000000002,0.039999999999054126,10.019999999999982,10.01699999687844,708.0,417.0,1482.0,2,1,4,1761206660765,1761206660801,,,,,,,,,,,,,,,,357.0
g1_online_only,LEO_ONLY,24,0.1,600,2,2,ok,,0,2,73.37195799846086,1481.0,4,10.238,0.040000000000873115,10.126999999999953,10.123042000486748,707.0,418.0,1481.0,2,1,4,1761206661098,1761206661138,,,,,,,,,,,,,,,,356.0
g1_online_only,LEO_ONLY,24,0.1,600,2,3,ok,,0,2,69.3037919991184,1479.0,4,10.399999999999999,0.03900000000157888,10.253000000000156,10.249750001094071,706.0,417.0,1479.0,2,1,4,1761206661442,1761206661478,,,,,,,,,,,,,,,,356.0
g1_online_only,LEO_ONLY,24,0.1,600,2,4,ok,,0,2,80.64566699977149,1482.0,4,10.113,0.04500000000007276,10.35300000000052,10.349583000788698,708.0,418.0,1482.0,2,1,4,1761206661780,1761206661824,,,,,,,,,,,,,,,,356.0
g1_online_only,LEO_ONLY,24,0.1,600,2,5,ok,,0,2,72.4662079992413,1485.0,4,10.531999999999996,0.03899999999975989,10.321999999999662,10.319124998204643,709.0,419.0,1485.0,2,1,4,1761206662137,1761206662176,,,,,,,,,,,,,,,,357.0
g1_online_only,LEO_ONLY,24,0.1,600,2,6,ok,,0,2,75.52337500237627,1485.0,4,10.395000000000003,0.03900000000066939,10.226999999999862,10.223792000033427,709.0,419.0,1485.0,2,1,4,1761206662467,1761206662507,,,,,,,,,,,,,,,,357.0
g1_online_only,LEO_ONLY,24,0.1,600,2,7,ok,,0,2,76.27133300047717,1481.0,4,10.532000000000004,0.03899999999975989,10.324999999999818,10.322458001610357,707.0,418.0,1481.0,2,1,4,1761206662817,1761206662857,,,,,,,,,,,,,,,,356.0
g1_online_only,LEO_ONLY,24,0.1,600,2,8,ok,,0,2,74.7281669973745,1483.0,4,10.273000000000003,0.03800000000046566,10.173999999999978,10.170667002967093,708.0,418.0,1483.0,2,1,4,1761206663158,1761206663199,,,,,,,,,,,,,,,,357.0
g1_online_only,LEO_ONLY,24,0.1,600,2,9,ok,,0,2,73.26383300096495,1483.0,4,10.326999999999995,0.03800000000046566,10.00799999999981,10.00591699994402,709.0,417.0,1483.0,2,1,4,1761206663493,1761206663531,,,,,,,,,,,,,,,,357.0
g1_online_only,LEO_ONLY,24,0.1,600,2,10,ok,,0,2,74.70433300113655,1485.0,4,10.433,0.033999999999650754,10.203999999999724,10.201292003330309,709.0,419.0,1485.0,2,1,4,1761206663831,1761206663869,,,,,,,,,,,,,,,,357.0
g1_online_only,LEO_ONLY,24,0.1,600,2,11,ok,,0,2,72.99249999778112,1480.0,4,10.441999999999993,0.037000000000261934,10.31899999999996,10.323624999728054,707.0,417.0,1480.0,2,1,4,1761206664178,1761206664217,,,,,,,,,,,,,,,,356.0
g1_online_only,LEO_ONLY,24,0.1,600,2,12,ok,,0,2,73.05920799990417,1483.0,4,10.345000000000002,0.03799999999955617,10.378000000000156,10.375999998359475,708.0,418.0,1483.0,2,1,4,1761206664516,1761206664556,,,,,,,,,,,,,,,,357.0
g1_online_only,LEO_ONLY,24,0.1,600,2,13,ok,,0,2,68.40637500135927,1481.0,4,10.321000000000005,0.03799999999955617,10.329000000000178,10.325208000722341,707.0,418.0,1481.0,2,1,4,1761206664845,1761206664882,,,,,,,,,,,,,,,,356.0
g1_online_only,LEO_ONLY,24,0.1,600,2,14,ok,,0,2,73.20483299918124,1483.0,4,10.36,0.03899999999975989,10.128000000000156,10.125249998964136,708.0,418.0,1483.0,2,1,4,1761206665180,1761206665219,,,,,,,,,,,,,,,,357.0
g1_online_only,LEO_ONLY,24,0.1,600,2,15,ok,,0,2,71.12754199988558,1483.0,4,9.855999999999995,0.03600000000005821,10.150000000000091,10.148042001674185,708.0,418.0,1483.0,2,1,4,1761206665516,1761206665552,,,,,,,,,,,,,,,,357.0
g1_online_only,LEO_ONLY,24,0.1,600,2,16,ok,,0,2,76.04725000055623,1483.0,4,10.494999999999997,0.03599999999914871,10.389000000000124,10.387292000814341,708.0,419.0,1483.0,2,1,4,1761206665842,1761206665882,,,,,,,,,,,,,,,,356.0
g1_online_only,LEO_ONLY,24,0.1,600,2,17,ok,,0,2,72.94691700008116,1481.0,4,10.355000000000004,0.03799999999955617,10.222000000000207,10.219708001386607,707.0,418.0,1481.0,2,1,4,1761206666184,1761206666224,,,,,,,,,,,,,,,,356.0
g1_online_only,LEO_ONLY,24,0.1,600,2,18,ok,,0,2,70.94824999876437,1485.0,4,10.309999999999995,0.03699999999935244,10.330000000000382,10.327208001399413,709.0,419.0,1485.0,2,1,4,1761206666531,1761206666569,,,,,,,,,,,,,,,,357.0
g1_online_only,LEO_ONLY,24,0.1,600,2,19,ok,,0,2,70.76687500011758,1485.0,4,10.215000000000003,0.037000000000261934,10.088999999999942,10.086333997605834,709.0,419.0,1485.0,2,1,4,1761206666847,1761206666885,,,,,,,,,,,,,,,,357.0
g1_online_only,LEO_ONLY,24,0.1,600,2,20,ok,,0,2,73.56499999877997,1485.0,4,10.777000000000008,0.03800000000046566,10.027999999999793,10.031250003521563,709.0,419.0,1485.0,2,1,4,1761206667176,1761206667214,,,,,,,,,,,,,,,,357.0
