scenario,mode,rtt_ms,loss_pct,timeout_ms,pto,run,status,failed_stage,errno,attempts,latency_ms,bytes_online,msgs_online,cpu_ms_ue,cpu_ms_ap2,processing_ms_ap2,ts5,ts6,rain_profile,bw_factor,down_rate_mbps,up_rate_mbps,bad_ticks,total_ticks,bad_ratio,blackout_events,blackout_ticks,window_profile,window_duration_ms,uplink_delay_ms,down_ready_ms,guard_close_ms,scheduled_blackouts
l1_online_only,LEO_ONLY,12,0.0,200,2,1,ok,,0,1,15.462041999853682,660,1,0.49499999999999034,1.8160000000000025,2.2551250003743917,1762002809453,1762002809677,,,,,,,,,,,,,,,
l1_online_only,LEO_ONLY,12,0.0,200,2,2,ok,,0,1,14.85704100014118,660,1,0.477999999999998,1.6670000000000016,2.3487090002163313,1762002810431,1762002810631,,,,,,,,,,,,,,,
l1_online_only,LEO_ONLY,12,0.0,200,2,3,ok,,0,1,14.385582999238977,660,1,0.43100000000000094,1.5719999999999885,1.9879159990523476,1762002811452,1762002811655,,,,,,,,,,,,,,,
l1_online_only,LEO_ONLY,12,0.0,200,2,4,ok,,0,1,13.134834000084084,661,1,0.5130000000000088,1.600999999999999,2.2945000000618165,1762002812459,1762002812660,,,,,,,,,,,,,,,
l1_online_only,LEO_ONLY,12,0.0,200,2,5,ok,,0,1,14.136208999843802,661,1,0.4830000000000041,1.6550000000000011,2.079957999740145,1762002813521,1762002813718,,,,,,,,,,,,,,,
l1_online_only,LEO_ONLY,12,0.0,200,2,6,ok,,0,1,14.427832998990198,661,1,0.4719999999999942,1.6709999999999923,2.37383400053659,1762002814516,1762002814711,,,,,,,,,,,,,,,
l1_online_only,LEO_ONLY,12,0.0,200,2,7,ok,,0,1,15.729250000731554,661,1,0.49599999999999866,1.6749999999999972,2.1593750007014023,1762002815509,1762002815722,,,,,,,,,,,,,,,
l1_online_only,LEO_ONLY,12,0.0,200,2,8,ok,,0,1,14.233957999749691,661,1,0.487999999999996,1.6599999999999966,2.1392080016084947,1762002816494,1762002816702,,,,,,,,,,,,,,,
l1_online_only,LEO_ONLY,12,0.0,200,2,9,ok,,0,1,13.15450000038254,661,1,0.4519999999999982,1.527000000000001,1.9108750002487795,1762002817490,1762002817715,,,,,,,,,,,,,,,
l1_online_only,LEO_ONLY,12,0.0,200,2,10,ok,,0,1,15.676332999646547,661,1,0.6840000000000046,1.9329999999999927,2.5853330007521436,1762002818535,1762002818765,,,,,,,,,,,,,,,
l1_online_only,LEO_ONLY,12,0.0,200,2,11,ok,,0,1,13.750790998528828,661,1,0.5000000000000036,1.634999999999991,2.0855419988947688,1762002819560,1762002819765,,,,,,,,,,,,,,,
l1_online_only,LEO_ONLY,12,0.0,200,2,12,ok,,0,1,17.458500000429922,661,1,0.5119999999999969,1.622000000000014,2.2768750004615868,1762002820548,1762002820755,,,,,,,,,,,,,,,
l1_online_only,LEO_ONLY,12,0.0,200,2,13,ok,,0,1,17.7289169987489,661,1,0.4859999999999971,1.6850000000000307,2.118166999935056,1762002821511,1762002821724,,,,,,,,,,,,,,,
l1_online_only,LEO_ONLY,12,0.0,200,2,14,ok,,0,1,13.683458999366849,661,1,0.4670000000000023,1.6259999999999764,2.320957999472739,1762002822522,1762002822726,,,,,,,,,,,,,,,
l1_online_only,LEO_ONLY,12,0.0,200,2,15,ok,,0,1,14.24270800089289,661,1,0.7439999999999998,1.8029999999999973,2.3542500002804445,1762002823510,1762002823740,,,,,,,,,,,,,,,
l1_online_only,LEO_ONLY,12,0.0,200,2,16,ok,,0,1,14.442042000155197,661,1,0.48400000000000176,1.6219999999999857,2.349917000174173,1762002824568,1762002824778,,,,,,,,,,,,,,,
l1_online_only,LEO_ONLY,12,0.0,200,2,17,ok,,0,1,15.621832999386243,661,1,0.509999999999998,1.6029999999999518,2.0227080003678566,1762002825576,1762002825785,,,,,,,,,,,,,,,
l1_online_only,LEO_ONLY,12,0.0,200,2,18,ok,,0,1,13.743374998739455,661,1,0.565999999999999,1.6760000000000161,2.2100410005805315,1762002826570,1762002826778,,,,,,,,,,,,,,,
l1_online_only,LEO_ONLY,12,0.0,200,2,19,ok,,0,1,13.707666001209873,661,1,0.4749999999999943,1.6340000000000146,2.124041000570287,1762002827577,1762002827798,,,,,,,,,,,,,,,
l1_online_only,LEO_ONLY,12,0.0,200,2,20,ok,,0,1,14.029541998752393,661,1,0.5989999999999931,1.7050000000000125,2.50899999991816,1762002828554,1762002828766,,,,,,,,,,,,,,,
l1_online_only,LEO_ONLY,12,0.0,400,2,1,ok,,0,1,13.483583999914117,661,1,0.6569999999999894,1.6710000000000207,2.2252920007304056,1762002829625,1762002829842,,,,,,,,,,,,,,,
l1_online_only,LEO_ONLY,12,0.0,400,2,2,ok,,0,1,14.972584000133793,661,1,0.5009999999999977,1.6260000000000332,2.3619580006197793,1762002830628,1762002830836,,,,,,,,,,,,,,,
l1_online_only,LEO_ONLY,12,0.0,400,2,3,ok,,0,1,13.619249999464955,661,1,0.46399999999999864,1.6160000000000139,2.026957999987644,1762002831634,1762002831840,,,,,,,,,,,,,,,
l1_online_only,LEO_ONLY,12,0.0,400,2,4,ok,,0,1,12.325833000431885,661,1,0.4859999999999971,1.6289999999999907,2.4091659997793613,1762002832623,1762002832832,,,,,,,,,,,,,,,
l1_online_only,LEO_ONLY,12,0.0,400,2,5,ok,,0,1,12.827082999137929,661,1,0.4789999999999992,1.556999999999988,1.990583999941009,1762002833627,1762002833824,,,,,,,,,,,,,,,
l1_online_only,LEO_ONLY,12,0.0,400,2,6,ok,,0,1,12.510292001024936,661,1,0.492999999999995,1.6410000000000196,2.3999170007300563,1762002834636,1762002834843,,,,,,,,,,,,,,,
l1_online_only,LEO_ONLY,12,0.0,400,2,7,ok,,0,1,13.86883400118677,661,1,0.47399999999999665,1.6310000000000002,2.0762080002896255,1762002835630,1762002835831,,,,,,,,,,,,,,,
l1_online_only,LEO_ONLY,12,0.0,400,2,8,ok,,0,1,16.478125000503496,661,1,0.5090000000000039,1.6310000000000002,2.3567079988424666,1762002836618,1762002836820,,,,,,,,,,,,,,,
l1_online_only,LEO_ONLY,12,0.0,400,2,9,ok,,0,1,15.370499999335152,661,1,0.6179999999999986,1.6650000000000489,2.140583999789669,1762002837596,1762002837823,,,,,,,,,,,,,,,
l1_online_only,LEO_ONLY,12,0.0,400,2,10,ok,,0,1,15.741958000944578,661,1,0.6540000000000035,1.6640000000000157,2.4313329995493405,1762002838601,1762002838805,,,,,,,,,,,,,,,
l1_online_only,LEO_ONLY,12,0.0,400,2,11,ok,,0,1,14.690415999211837,661,1,0.46999999999999886,1.6550000000000296,2.043167000010726,1762002839598,1762002839806,,,,,,,,,,,,,,,
l1_online_only,LEO_ONLY,12,0.0,400,2,12,ok,,0,1,15.28462500027672,661,1,0.6260000000000048,1.6740000000000066,2.4545409996790113,1762002840628,1762002840871,,,,,,,,,,,,,,,
l1_online_only,LEO_ONLY,12,0.0,400,2,13,ok,,0,1,12.97799999883864,661,1,0.485000000000003,1.632000000000005,2.1044160002929857,1762002841623,1762002841831,,,,,,,,,,,,,,,
l1_online_only,LEO_ONLY,12,0.0,400,2,14,ok,,0,1,13.738249999732943,661,1,0.49800000000000466,1.6049999999999898,2.352457999222679,1762002842601,1762002842816,,,,,,,,,,,,,,,
l1_online_only,LEO_ONLY,12,0.0,400,2,15,ok,,0,1,13.330666999536334,661,1,0.48600000000000065,1.6589999999999918,2.1469999992405064,1762002843603,1762002843806,,,,,,,,,,,,,,,
l1_online_only,LEO_ONLY,12,0.0,400,2,16,ok,,0,1,14.45149999926798,661,1,0.47300000000000253,1.6199999999999761,2.353124998990097,1762002844590,1762002844801,,,,,,,,,,,,,,,
l1_online_only,LEO_ONLY,12,0.0,400,2,17,ok,,0,1,15.484417001061956,661,1,0.48699999999999477,1.6400000000000148,2.095750000080443,1762002845574,1762002845779,,,,,,,,,,,,,,,
l1_online_only,LEO_ONLY,12,0.0,400,2,18,ok,,0,1,16.013833999750204,661,1,0.5229999999999997,1.6490000000000293,2.176334000978386,1762002846600,1762002846805,,,,,,,,,,,,,,,
l1_online_only,LEO_ONLY,12,0.0,400,2,19,ok,,0,1,13.698708000447368,661,1,0.4459999999999944,1.5270000000000152,1.9157919996359851,1762002847653,1762002847852,,,,,,,,,,,,,,,
l1_online_only,LEO_ONLY,12,0.0,400,2,20,ok,,0,1,16.06345900108863,661,1,0.485000000000003,1.6189999999999714,2.11904199932178,1762002848619,1762002848833,,,,,,,,,,,,,,,
l1_online_only,LEO_ONLY,12,0.0,600,2,1,ok,,0,1,15.770083999086637,661,1,0.6000000000000014,1.703000000000003,2.154625000912347,1762002849612,1762002849906,,,,,,,,,,,,,,,
l1_online_only,LEO_ONLY,12,0.0,600,2,2,ok,,0,1,14.971832999435719,661,1,0.652000000000001,1.7450000000000045,2.5661250001576263,1762002850785,1762002850994,,,,,,,,,,,,,,,
l1_online_only,LEO_ONLY,12,0.0,600,2,3,ok,,0,1,16.114500000185217,661,1,0.47300000000000253,1.6359999999999957,2.05866599935689,1762002851782,1762002851988,,,,,,,,,,,,,,,
l1_online_only,LEO_ONLY,12,0.0,600,2,4,ok,,0,1,12.657457999011967,661,1,0.465999999999994,1.6119999999999948,2.3361670009762747,1762002852826,1762002853035,,,,,,,,,,,,,,,
l1_online_only,LEO_ONLY,12,0.0,600,2,5,ok,,0,1,14.84537500073202,661,1,0.4759999999999991,1.5919999999999845,1.9959170003858162,1762002853768,1762002853968,,,,,,,,,,,,,,,
l1_online_only,LEO_ONLY,12,0.0,600,2,6,ok,,0,1,13.430583001536434,661,1,0.4960000000000022,1.6739999999999782,2.4665000000823056,1762002854749,1762002854949,,,,,,,,,,,,,,,
l1_online_only,LEO_ONLY,12,0.0,600,2,7,ok,,0,1,12.826666999899317,661,1,0.47800000000000153,1.6489999999999725,2.0250420002412284,1762002855735,1762002855954,,,,,,,,,,,,,,,
l1_online_only,LEO_ONLY,12,0.0,600,2,8,ok,,0,1,14.247208000597311,661,1,0.5129999999999981,1.48599999999999,2.2447500014095567,1762002856718,1762002856918,,,,,,,,,,,,,,,
l1_online_only,LEO_ONLY,12,0.0,600,2,9,ok,,0,1,14.591708000807557,662,1,0.4510000000000005,1.538000000000011,1.933874998940155,1762002857705,1762002857902,,,,,,,,,,,,,,,
l1_online_only,LEO_ONLY,12,0.0,600,2,10,ok,,0,1,37.623374999384396,662,1,1.1160000000000032,4.925999999999988,18.82133299841371,1762002858693,1762002858888,,,,,,,,,,,,,,,
l1_online_only,LEO_ONLY,12,0.0,600,2,11,ok,,0,1,13.777957999991486,662,1,0.4680000000000035,1.6470000000000198,2.1326669993868563,1762002859699,1762002859895,,,,,,,,,,,,,,,
l1_online_only,LEO_ONLY,12,0.0,600,2,12,ok,,0,1,15.762125000037486,662,1,0.47199999999999775,1.6339999999999861,2.344333999644732,1762002860689,1762002860891,,,,,,,,,,,,,,,
l1_online_only,LEO_ONLY,12,0.0,600,2,13,ok,,0,1,14.734334001332172,662,1,0.4719999999999942,1.6370000000000005,2.07458299883001,1762002861671,1762002861872,,,,,,,,,,,,,,,
l1_online_only,LEO_ONLY,12,0.0,600,2,14,ok,,0,1,13.460833999488386,662,1,0.4680000000000035,1.6799999999999784,2.418207999653532,1762002862661,1762002862872,,,,,,,,,,,,,,,
l1_online_only,LEO_ONLY,12,0.0,600,2,15,ok,,0,1,15.449249998710002,662,1,0.4910000000000032,1.6510000000000105,2.1237919991108356,1762002863681,1762002863883,,,,,,,,,,,,,,,
l1_online_only,LEO_ONLY,12,0.0,600,2,16,ok,,0,1,12.837917000069865,662,1,0.46999999999999886,1.6560000000000343,2.3994170005607884,1762002864681,1762002864880,,,,,,,,,,,,,,,
l1_online_only,LEO_ONLY,12,0.0,600,2,17,ok,,0,1,16.213499999139458,662,1,0.4740000000000002,1.608000000000004,2.040834000581526,1762002865668,1762002865881,,,,,,,,,,,,,,,
l1_online_only,LEO_ONLY,12,0.0,600,2,18,ok,,0,1,13.453666999339475,662,1,0.4629999999999974,1.691000000000031,2.4246249995485414,1762002866688,1762002866900,,,,,,,,,,,,,,,
l1_online_only,LEO_ONLY,12,0.0,600,2,19,ok,,0,1,14.145042001473485,662,1,0.5320000000000036,1.6879999999999882,2.1922089999861782,1762002867685,1762002867904,,,,,,,,,,,,,,,
l1_online_only,LEO_ONLY,12,0.0,600,2,20,ok,,0,1,13.408625000010943,662,1,0.4839999999999982,1.6379999999999768,2.3697500000707805,1762002868749,1762002868954,,,,,,,,,,,,,,,
l1_online_only,LEO_ONLY,12,0.1,200,2,1,ok,,0,1,13.379833000726649,662,1,0.5570000000000022,1.7030000000000314,2.2054159999242984,1762002869777,1762002869976,,,,,,,,,,,,,,,
l1_online_only,LEO_ONLY,12,0.1,200,2,2,ok,,0,1,13.673834000655916,662,1,0.48900000000000077,1.6160000000000139,2.385917001447524,1762002870768,1762002870973,,,,,,,,,,,,,,,
l1_online_only,LEO_ONLY,12,0.1,200,2,3,ok,,0,1,12.838042001021677,662,1,0.49500000000000455,1.629000000000019,2.054040998700657,1762002871735,1762002871941,,,,,,,,,,,,,,,
l1_online_only,LEO_ONLY,12,0.1,200,2,4,ok,,0,1,15.333166000345955,662,1,0.48100000000000165,1.5509999999999877,2.2435829996538814,1762002872747,1762002872975,,,,,,,,,,,,,,,
l1_online_only,LEO_ONLY,12,0.1,200,2,5,ok,,0,1,15.61816699904739,662,1,0.49799999999999756,1.528999999999968,1.9161250002071029,1762002873767,1762002873964,,,,,,,,,,,,,,,
l1_online_only,LEO_ONLY,12,0.1,200,2,6,ok,,0,1,13.75279200146906,662,1,0.5029999999999966,1.660000000000025,2.4218329999712296,1762002874767,1762002874976,,,,,,,,,,,,,,,
l1_online_only,LEO_ONLY,12,0.1,200,2,7,ok,,0,1,13.369082998906379,662,1,0.4660000000000011,1.6070000000000277,2.0314590001362376,1762002875763,1762002875974,,,,,,,,,,,,,,,
l1_online_only,LEO_ONLY,12,0.1,200,2,8,ok,,0,1,15.750625001601293,662,1,0.47600000000000264,1.6709999999999923,2.3617919996468117,1762002876782,1762002876978,,,,,,,,,,,,,,,
l1_online_only,LEO_ONLY,12,0.1,200,2,9,ok,,0,1,16.47883300029207,662,1,0.4740000000000002,1.6620000000000061,2.086291000523488,1762002877785,1762002877987,,,,,,,,,,,,,,,
l1_online_only,LEO_ONLY,12,0.1,200,2,10,ok,,0,1,16.29783399948792,662,1,0.7589999999999932,1.718999999999994,2.5591249996068655,1762002878780,1762002878994,,,,,,,,,,,,,,,
l1_online_only,LEO_ONLY,12,0.1,200,2,11,ok,,0,1,14.490999999907217,662,1,0.5249999999999986,1.6669999999999732,2.1241249996819533,1762002879772,1762002879967,,,,,,,,,,,,,,,
l1_online_only,LEO_ONLY,12,0.1,200,2,12,ok,,0,1,13.723374999244697,662,1,0.4749999999999943,1.9170000000000016,2.5861670001177117,1762002880819,1762002881023,,,,,,,,,,,,,,,
l1_online_only,LEO_ONLY,12,0.1,200,2,13,ok,,0,1,16.52174999981071,662,1,0.4610000000000021,1.5640000000000214,1.9742919994314434,1762002881860,1762002882059,,,,,,,,,,,,,,,
l1_online_only,LEO_ONLY,12,0.1,200,2,14,ok,,0,1,16.439750001154607,662,1,0.4839999999999982,1.634999999999991,2.3433750011463417,1762002882951,1762002883152,,,,,,,,,,,,,,,
l1_online_only,LEO_ONLY,12,0.1,200,2,15,ok,,0,1,14.685625001220615,662,1,0.4760000000000062,1.656000000000006,2.124291000654921,1762002883930,1762002884134,,,,,,,,,,,,,,,
l1_online_only,LEO_ONLY,12,0.1,200,2,16,ok,,0,1,14.700334000735893,662,1,0.7099999999999973,1.802000000000021,2.3354589993687114,1762002884947,1762002885149,,,,,,,,,,,,,,,
l1_online_only,LEO_ONLY,12,0.1,200,2,17,ok,,0,1,17.225333000169485,662,1,0.6019999999999968,1.724999999999966,2.258250000522821,1762002885930,1762002886134,,,,,,,,,,,,,,,
l1_online_only,LEO_ONLY,12,0.1,200,2,18,ok,,0,1,17.398707999745966,662,1,0.5510000000000019,1.6870000000000118,2.4538750003557652,1762002886928,1762002887160,,,,,,,,,,,,,,,
l1_online_only,LEO_ONLY,12,0.1,200,2,19,ok,,0,1,12.746791000608937,662,1,0.46399999999999864,1.6100000000000136,2.0713750000140863,1762002887934,1762002888132,,,,,,,,,,,,,,,
l1_online_only,LEO_ONLY,12,0.1,200,2,20,ok,,0,1,12.746832999255275,662,1,0.49600000000000577,1.586999999999989,2.296708000358194,1762002888968,1762002889166,,,,,,,,,,,,,,,
l1_online_only,LEO_ONLY,12,0.1,400,2,1,ok,,0,1,15.895291999186156,662,1,0.5279999999999987,1.6120000000000232,2.100166000673198,1762002889991,1762002890198,,,,,,,,,,,,,,,
l1_online_only,LEO_ONLY,12,0.1,400,2,2,ok,,0,1,15.06770800006052,662,1,0.482999999999997,1.6359999999999673,2.3498329992435174,1762002890973,1762002891180,,,,,,,,,,,,,,,
l1_online_only,LEO_ONLY,12,0.1,400,2,3,ok,,0,1,12.38812500014319,662,1,0.4629999999999974,1.622000000000014,2.057833000435494,1762002891948,1762002892149,,,,,,,,,,,,,,,
l1_online_only,LEO_ONLY,12,0.1,400,2,4,ok,,0,1,16.102375000627944,662,1,0.4579999999999984,1.6650000000000205,2.1134590006113285,1762002892973,1762002893186,,,,,,,,,,,,,,,
l1_online_only,LEO_ONLY,12,0.1,400,2,5,ok,,0,1,13.300917000378831,662,1,0.495000000000001,1.6779999999999973,2.101042000504094,1762002893979,1762002894186,,,,,,,,,,,,,,,
l1_online_only,LEO_ONLY,12,0.1,400,2,6,ok,,0,1,12.758999999277876,662,1,0.4640000000000022,1.5489999999999782,1.9541670008038636,1762002894996,1762002895193,,,,,,,,,,,,,,,
l1_online_only,LEO_ONLY,12,0.1,400,2,7,ok,,0,1,14.345334000609,662,1,0.4870000000000019,1.5889999999999986,2.0423339992703404,1762002895979,1762002896186,,,,,,,,,,,,,,,
l1_online_only,LEO_ONLY,12,0.1,400,2,8,ok,,0,1,15.461375000086264,662,1,0.7449999999999939,1.738999999999976,2.6192089990217937,1762002896977,1762002897186,,,,,,,,,,,,,,,
l1_online_only,LEO_ONLY,12,0.1,400,2,9,ok,,0,1,13.627958000142826,662,1,0.6310000000000002,1.7620000000000005,2.2616660007770406,1762002898014,1762002898208,,,,,,,,,,,,,,,
l1_online_only,LEO_ONLY,12,0.1,400,2,10,ok,,0,1,14.090708000367158,662,1,0.4749999999999943,1.5539999999999736,2.267709000079776,1762002899003,1762002899200,,,,,,,,,,,,,,,
l1_online_only,LEO_ONLY,12,0.1,400,2,11,ok,,0,1,13.221749999502208,662,1,0.5910000000000046,1.4800000000000182,1.9597910013544606,1762002899958,1762002900163,,,,,,,,,,,,,,,
l1_online_only,LEO_ONLY,12,0.1,400,2,12,ok,,0,1,14.376250001078006,662,1,0.5069999999999979,1.59699999999998,2.104291999785346,1762002900908,1762002901110,,,,,,,,,,,,,,,
l1_online_only,LEO_ONLY,12,0.1,400,2,13,ok,,0,1,13.318208999407943,662,1,0.5410000000000039,1.6170000000000755,2.0329580001998693,1762002901929,1762002902139,,,,,,,,,,,,,,,
l1_online_only,LEO_ONLY,12,0.1,400,2,14,ok,,0,1,14.553125000020373,662,1,0.48499999999999943,1.712000000000046,2.4637499991513323,1762002902934,1762002903148,,,,,,,,,,,,,,,
l1_online_only,LEO_ONLY,12,0.1,400,2,15,ok,,0,1,14.565290999598801,662,1,0.5470000000000077,2.0639999999999645,2.4968329998955596,1762002903956,1762002904164,,,,,,,,,,,,,,,
l1_online_only,LEO_ONLY,12,0.1,400,2,16,ok,,0,1,13.731708000705112,662,1,0.492000000000008,1.615000000000066,2.309124998646439,1762002904936,1762002905140,,,,,,,,,,,,,,,
l1_online_only,LEO_ONLY,12,0.1,400,2,17,ok,,0,1,14.17816700086405,662,1,0.49500000000000455,1.6930000000000405,2.178832999561564,1762002905956,1762002906161,,,,,,,,,,,,,,,
l1_online_only,LEO_ONLY,12,0.1,400,2,18,ok,,0,1,14.295874998424551,662,1,0.4600000000000044,1.5810000000000173,1.9787910005106824,1762002907007,1762002907211,,,,,,,,,,,,,,,
l1_online_only,LEO_ONLY,12,0.1,400,2,19,ok,,0,1,12.878707999334438,662,1,0.4599999999999973,1.6440000000000055,2.0789169993804535,1762002907999,1762002908203,,,,,,,,,,,,,,,
l1_online_only,LEO_ONLY,12,0.1,400,2,20,ok,,0,1,15.443624999534222,662,1,0.6820000000000022,1.745999999999981,2.5507499995001126,1762002908988,1762002909195,,,,,,,,,,,,,,,
l1_online_only,LEO_ONLY,12,0.1,600,2,1,ok,,0,1,17.129583999121678,662,1,0.671999999999997,1.5020000000000095,1.9837910003843717,1762002909969,1762002910178,,,,,,,,,,,,,,,
l1_online_only,LEO_ONLY,12,0.1,600,2,2,ok,,0,1,16.604666998318862,662,1,0.527000000000001,1.6440000000000055,2.388083999903756,1762002910950,1762002911162,,,,,,,,,,,,,,,
l1_online_only,LEO_ONLY,12,0.1,600,2,3,ok,,0,1,13.594500000181142,662,1,0.47100000000000364,1.6399999999999864,2.123708998624352,1762002911960,1762002912178,,,,,,,,,,,,,,,
l1_online_only,LEO_ONLY,12,0.1,600,2,4,ok,,0,1,14.43887499954144,662,1,0.6039999999999992,1.6999999999999886,2.4974999996629776,1762002912981,1762002913190,,,,,,,,,,,,,,,
l1_online_only,LEO_ONLY,12,0.1,600,2,5,ok,,0,1,17.644333998759976,662,1,0.7199999999999989,1.615000000000009,2.0296670008974615,1762002913988,1762002914191,,,,,,,,,,,,,,,
l1_online_only,LEO_ONLY,12,0.1,600,2,6,ok,,0,1,14.670083999590133,662,1,0.4809999999999981,1.6410000000000196,2.04529199982062,1762002914991,1762002915198,,,,,,,,,,,,,,,
l1_online_only,LEO_ONLY,12,0.1,600,2,7,ok,,0,1,14.717207999638049,662,1,0.6410000000000124,1.7339999999999804,2.2048749997338746,1762002915956,1762002916197,,,,,,,,,,,,,,,
l1_online_only,LEO_ONLY,12,0.1,600,2,8,ok,,0,1,13.844832999893697,662,1,0.4650000000000034,1.5409999999999968,2.2635420009464724,1762002916933,1762002917133,,,,,,,,,,,,,,,
l1_online_only,LEO_ONLY,12,0.1,600,2,9,ok,,0,1,16.97283300018171,662,1,0.49099999999999966,1.5679999999999836,1.9401250010560034,1762002917898,1762002918103,,,,,,,,,,,,,,,
l1_online_only,LEO_ONLY,12,0.1,600,2,10,ok,,0,1,13.735583999732626,662,1,0.48599999999999,1.6459999999999582,2.4144580002030125,1762002918892,1762002919109,,,,,,,,,,,,,,,
l1_online_only,LEO_ONLY,12,0.1,600,2,11,ok,,0,1,13.716292000026442,662,1,0.7460000000000022,1.7269999999999754,2.29537500126753,1762002919921,1762002920135,,,,,,,,,,,,,,,
l1_online_only,LEO_ONLY,12,0.1,600,2,12,ok,,0,1,14.257250000810018,662,1,0.5879999999999974,1.4510000000000787,1.8849170010071248,1762002920934,1762002921138,,,,,,,,,,,,,,,
l1_online_only,LEO_ONLY,12,0.1,600,2,13,ok,,0,1,12.586249999003485,662,1,0.47800000000000153,1.6219999999999573,2.04341700009536,1762002921940,1762002922146,,,,,,,,,,,,,,,
l1_online_only,LEO_ONLY,12,0.1,600,2,14,ok,,0,1,13.5288750007021,662,1,0.5069999999999979,1.6619999999999777,2.095957999699749,1762002922943,1762002923160,,,,,,,,,,,,,,,
l1_online_only,LEO_ONLY,12,0.1,600,2,15,ok,,0,1,13.660292001077323,662,1,0.472999999999999,1.586999999999989,2.0122499990975484,1762002923946,1762002924152,,,,,,,,,,,,,,,
l1_online_only,LEO_ONLY,12,0.1,600,2,16,ok,,0,1,16.265583000858896,662,1,0.6460000000000008,1.6899999999999977,2.480084000126226,1762002924944,1762002925154,,,,,,,,,,,,,,,
l1_online_only,LEO_ONLY,12,0.1,600,2,17,ok,,0,1,13.434208000035142,662,1,0.4670000000000023,1.56899999999996,1.9754999993892852,1762002925982,1762002926187,,,,,,,,,,,,,,,
l1_online_only,LEO_ONLY,12,0.1,600,2,18,ok,,0,1,15.357624999523978,662,1,0.4649999999999963,1.6319999999999482,2.378333998422022,1762002926982,1762002927192,,,,,,,,,,,,,,,
l1_online_only,LEO_ONLY,12,0.1,600,2,19,ok,,0,1,14.444333000938059,662,1,0.5810000000000031,1.716000000000065,2.2447089995694114,1762002928107,1762002928341,,,,,,,,,,,,,,,
l1_online_only,LEO_ONLY,12,0.1,600,2,20,ok,,0,1,12.048165999658522,662,1,0.5040000000000013,1.6340000000000146,2.3552919992653187,1762002929156,1762002929379,,,,,,,,,,,,,,,
l1_online_only,LEO_ONLY,24,0.0,200,2,1,ok,,0,1,14.616041000408586,662,1,0.5710000000000015,1.6350000000000477,2.067458999590599,1762002930215,1762002930425,,,,,,,,,,,,,,,
l1_online_only,LEO_ONLY,24,0.0,200,2,2,ok,,0,1,18.2609589992353,662,1,0.509999999999998,1.6920000000000073,2.192333000493818,1762002931190,1762002931414,,,,,,,,,,,,,,,
l1_online_only,LEO_ONLY,24,0.0,200,2,3,ok,,0,1,16.226125000684988,662,1,0.477999999999998,1.6210000000000377,2.0271249995857943,1762002932196,1762002932409,,,,,,,,,,,,,,,
l1_online_only,LEO_ONLY,24,0.0,200,2,4,ok,,0,1,12.53799999904004,662,1,0.47900000000000276,1.5600000000000023,2.0050829989486374,1762002933254,1762002933476,,,,,,,,,,,,,,,
l1_online_only,LEO_ONLY,24,0.0,200,2,5,ok,,0,1,14.435457998843049,662,1,0.5760000000000005,1.6710000000000491,2.1106669992150273,1762002934274,1762002934483,,,,,,,,,,,,,,,
l1_online_only,LEO_ONLY,24,0.0,200,2,6,ok,,0,1,14.731625000422355,662,1,0.48599999999999,1.650000000000034,2.1923749991401564,1762002935238,1762002935450,,,,,,,,,,,,,,,
l1_online_only,LEO_ONLY,24,0.0,200,2,7,ok,,0,1,15.043457999126986,662,1,0.47699999999999676,1.5949999999999704,1.997542000026442,1762002936242,1762002936454,,,,,,,,,,,,,,,
l1_online_only,LEO_ONLY,24,0.0,200,2,8,ok,,0,1,13.143041000148514,662,1,0.46199999999999974,1.6100000000000136,2.3748750008962816,1762002937258,1762002937465,,,,,,,,,,,,,,,
l1_online_only,LEO_ONLY,24,0.0,200,2,9,ok,,0,1,13.86287499917671,662,1,0.490000000000002,1.6890000000000782,2.1149160002096323,1762002938245,1762002938454,,,,,,,,,,,,,,,
l1_online_only,LEO_ONLY,24,0.0,200,2,10,ok,,0,1,13.211290999606717,662,1,0.45300000000000296,1.502999999999929,2.219832998889615,1762002939216,1762002939420,,,,,,,,,,,,,,,
l1_online_only,LEO_ONLY,24,0.0,200,2,11,ok,,0,1,13.224500000433181,662,1,0.49199999999999733,1.643000000000086,2.086291000523488,1762002940190,1762002940397,,,,,,,,,,,,,,,
l1_online_only,LEO_ONLY,24,0.0,200,2,12,ok,,0,1,13.396624999586493,662,1,0.49500000000000455,1.5820000000000505,2.056875000562286,1762002941159,1762002941365,,,,,,,,,,,,,,,
l1_online_only,LEO_ONLY,24,0.0,200,2,13,ok,,0,1,16.716250000172295,662,1,0.4880000000000031,1.6479999999999677,2.0942089995514834,1762002942225,1762002942444,,,,,,,,,,,,,,,
l1_online_only,LEO_ONLY,24,0.0,200,2,14,ok,,0,1,14.741749999302556,662,1,0.46700000000000585,1.6399999999999295,2.3660419992665993,1762002943243,1762002943456,,,,,,,,,,,,,,,
l1_online_only,LEO_ONLY,24,0.0,200,2,15,ok,,0,1,14.590041000701603,662,1,0.5040000000000049,1.5660000000000878,1.96904199947312,1762002944308,1762002944512,,,,,,,,,,,,,,,
l1_online_only,LEO_ONLY,24,0.0,200,2,16,ok,,0,1,16.18866699936916,662,1,0.6759999999999948,1.6359999999999673,2.4005409995879745,1762002945289,1762002945525,,,,,,,,,,,,,,,
l1_online_only,LEO_ONLY,24,0.0,200,2,17,ok,,0,1,12.82595800148556,662,1,0.5129999999999981,1.5679999999999836,1.993124998989515,1762002946365,1762002946573,,,,,,,,,,,,,,,
l1_online_only,LEO_ONLY,24,0.0,200,2,18,ok,,0,1,14.466708000327344,662,1,0.730000000000004,1.6119999999999663,2.1847079988219775,1762002947312,1762002947526,,,,,,,,,,,,,,,
l1_online_only,LEO_ONLY,24,0.0,200,2,19,ok,,0,1,14.706166000905796,662,1,0.509999999999998,1.5949999999999136,1.9692500009114156,1762002948339,1762002948541,,,,,,,,,,,,,,,
l1_online_only,LEO_ONLY,24,0.0,200,2,20,ok,,0,1,14.3429580002703,662,1,0.4600000000000044,1.6450000000000387,2.080707999994047,1762002949296,1762002949521,,,,,,,,,,,,,,,
l1_online_only,LEO_ONLY,24,0.0,400,2,1,ok,,0,1,14.674292000563582,662,1,0.4610000000000056,1.5880000000000223,2.025708001383464,1762002950305,1762002950515,,,,,,,,,,,,,,,
l1_online_only,LEO_ONLY,24,0.0,400,2,2,ok,,0,1,14.143333000902203,662,1,0.4920000000000009,1.5629999999999882,2.288917001351365,1762002951310,1762002951529,,,,,,,,,,,,,,,
l1_online_only,LEO_ONLY,24,0.0,400,2,3,ok,,0,1,13.58658299977833,662,1,0.48199999999999577,1.6479999999999677,2.066834000288509,1762002952314,1762002952524,,,,,,,,,,,,,,,
l1_online_only,LEO_ONLY,24,0.0,400,2,4,ok,,0,1,15.540124999461113,662,1,0.7629999999999981,1.6470000000000482,2.048625001407345,1762002953293,1762002953506,,,,,,,,,,,,,,,
l1_online_only,LEO_ONLY,24,0.0,400,2,5,ok,,0,1,13.956083999801194,662,1,0.4899999999999949,1.6359999999999673,1.998540999920806,1762002954335,1762002954545,,,,,,,,,,,,,,,
l1_online_only,LEO_ONLY,24,0.0,400,2,6,ok,,0,1,13.52266699905158,662,1,0.4750000000000014,1.5370000000000346,2.2348340007738443,1762002955319,1762002955533,,,,,,,,,,,,,,,
l1_online_only,LEO_ONLY,24,0.0,400,2,7,ok,,0,1,14.070084000195493,662,1,0.5160000000000018,1.6649999999999636,2.0840420002059545,1762002956328,1762002956540,,,,,,,,,,,,,,,
l1_online_only,LEO_ONLY,24,0.0,400,2,8,ok,,0,1,14.10487500106683,662,1,0.6360000000000028,1.747000000000071,2.7021659989259206,1762002957300,1762002957568,,,,,,,,,,,,,,,
l1_online_only,LEO_ONLY,24,0.0,400,2,9,ok,,0,1,12.518583000201033,662,1,0.5079999999999991,1.6789999999999736,2.1147080005903263,1762002958318,1762002958536,,,,,,,,,,,,,,,
l1_online_only,LEO_ONLY,24,0.0,400,2,10,ok,,0,1,23.2316660003562,662,1,1.1509999999999998,5.338000000000022,9.469958000408951,1762002959305,1762002959508,,,,,,,,,,,,,,,
l1_online_only,LEO_ONLY,24,0.0,400,2,11,ok,,0,1,15.124542000194197,662,1,0.4409999999999954,1.5989999999999895,1.9801670005108463,1762002960276,1762002960487,,,,,,,,,,,,,,,
l1_online_only,LEO_ONLY,24,0.0,400,2,12,ok,,0,1,15.719999999419088,662,1,0.5020000000000024,1.5960000000000036,2.319416000318597,1762002961354,1762002961567,,,,,,,,,,,,,,,
l1_online_only,LEO_ONLY,24,0.0,400,2,13,ok,,0,1,17.443916000047466,662,1,0.4889999999999972,1.6709999999999923,2.1050830000604037,1762002962383,1762002962597,,,,,,,,,,,,,,,
l1_online_only,LEO_ONLY,24,0.0,400,2,14,ok,,0,1,13.770833000307903,662,1,0.6929999999999978,1.7759999999999536,2.5917919992934912,1762002963405,1762002963614,,,,,,,,,,,,,,,
l1_online_only,LEO_ONLY,24,0.0,400,2,15,ok,,0,1,14.10458400096104,662,1,0.6069999999999922,1.830000000000041,2.2777919984946493,1762002964356,1762002964573,,,,,,,,,,,,,,,
l1_online_only,LEO_ONLY,24,0.0,400,2,16,ok,,0,1,13.87287499892409,662,1,0.615000000000002,1.6990000000000123,2.2943330004636664,1762002965399,1762002965648,,,,,,,,,,,,,,,
l1_online_only,LEO_ONLY,24,0.0,400,2,17,ok,,0,1,14.548791999914101,662,1,0.686000000000007,1.7479999999999905,2.301375001479755,1762002966459,1762002966742,,,,,,,,,,,,,,,
l1_online_only,LEO_ONLY,24,0.0,400,2,18,ok,,0,1,13.062415999229415,662,1,0.45799999999999486,1.5919999999999277,2.0907090001855977,1762002967529,1762002967767,,,,,,,,,,,,,,,
l1_online_only,LEO_ONLY,24,0.0,400,2,19,ok,,0,1,14.833583998552058,662,1,0.5159999999999982,1.9220000000000255,2.3240000009536743,1762002968657,1762002968874,,,,,,,,,,,,,,,
l1_online_only,LEO_ONLY,24,0.0,400,2,20,ok,,0,1,15.668334001020412,662,1,0.49099999999999966,1.6650000000000205,2.4109589994623093,1762002969676,1762002969894,,,,,,,,,,,,,,,
l1_online_only,LEO_ONLY,24,0.0,600,2,1,ok,,0,1,14.465707999988808,662,1,0.5200000000000031,1.603999999999985,2.047082998615224,1762002970704,1762002970924,,,,,,,,,,,,,,,
l1_online_only,LEO_ONLY,24,0.0,600,2,2,ok,,0,1,14.051791000383673,662,1,0.5360000000000014,1.6370000000000005,2.3570830016979016,1762002971706,1762002971921,,,,,,,,,,,,,,,
l1_online_only,LEO_ONLY,24,0.0,600,2,3,ok,,0,1,18.447708998792223,662,1,0.48100000000000165,1.6579999999999018,8.475832999465638,1762002972773,1762002972984,,,,,,,,,,,,,,,
l1_online_only,LEO_ONLY,24,0.0,600,2,4,ok,,0,1,16.71333299964317,662,1,0.47400000000000375,1.6449999999999818,2.3838329998397967,1762002973795,1762002974011,,,,,,,,,,,,,,,
l1_online_only,LEO_ONLY,24,0.0,600,2,5,ok,,0,1,14.599791000364348,662,1,0.6199999999999974,1.606999999999971,2.0670840003731428,1762002974774,1762002975037,,,,,,,,,,,,,,,
l1_online_only,LEO_ONLY,24,0.0,600,2,6,ok,,0,1,15.980459000275005,662,1,0.7119999999999997,1.7230000000000132,2.5122919996647397,1762002975825,1762002976038,,,,,,,,,,,,,,,
l1_online_only,LEO_ONLY,24,0.0,600,2,7,ok,,0,1,13.857792000635527,662,1,0.5840000000000032,1.7300000000000182,2.2528749996126862,1762002976944,1762002977156,,,,,,,,,,,,,,,
l1_online_only,LEO_ONLY,24,0.0,600,2,8,ok,,0,1,14.642000000094413,662,1,0.5459999999999994,1.6580000000000155,2.411333000054583,1762002978047,1762002978264,,,,,,,,,,,,,,,
l1_online_only,LEO_ONLY,24,0.0,600,2,9,ok,,0,1,14.42250000036438,662,1,0.7569999999999979,1.7530000000000427,2.328874999875552,1762002979046,1762002979264,,,,,,,,,,,,,,,
l1_online_only,LEO_ONLY,24,0.0,600,2,10,ok,,0,1,13.648500000272179,662,1,0.6409999999999982,1.7300000000000182,2.5167500007228227,1762002980086,1762002980318,,,,,,,,,,,,,,,
l1_online_only,LEO_ONLY,24,0.0,600,2,11,ok,,0,1,13.549917001000722,662,1,0.693000000000005,1.7189999999999372,2.2246660009841435,1762002981119,1762002981333,,,,,,,,,,,,,,,
l1_online_only,LEO_ONLY,24,0.0,600,2,12,ok,,0,1,15.169041998888133,662,1,0.6340000000000003,1.4379999999999882,1.9428329997026594,1762002982151,1762002982424,,,,,,,,,,,,,,,
l1_online_only,LEO_ONLY,24,0.0,600,2,13,ok,,0,1,13.947207999081002,662,1,0.6100000000000065,1.6630000000000678,2.1087499990244396,1762002983272,1762002983486,,,,,,,,,,,,,,,
l1_online_only,LEO_ONLY,24,0.0,600,2,14,ok,,0,1,14.04329199976928,662,1,0.4649999999999963,1.7129999999999654,2.187000000049011,1762002984294,1762002984511,,,,,,,,,,,,,,,
l1_online_only,LEO_ONLY,24,0.0,600,2,15,ok,,0,1,14.03379200019117,662,1,0.6919999999999931,1.7559999999999718,2.3049169994919794,1762002985328,1762002985542,,,,,,,,,,,,,,,
l1_online_only,LEO_ONLY,24,0.0,600,2,16,ok,,0,1,14.497125001071254,662,1,0.7010000000000005,1.7450000000000045,2.2938330002943985,1762002986427,1762002986645,,,,,,,,,,,,,,,
l1_online_only,LEO_ONLY,24,0.0,600,2,17,ok,,0,1,14.432542000577087,662,1,0.6870000000000047,1.934000000000026,2.61520899948664,1762002987512,1762002987769,,,,,,,,,,,,,,,
l1_online_only,LEO_ONLY,24,0.0,600,2,18,ok,,0,1,13.65799999985029,662,1,0.6779999999999973,2.1590000000000487,2.7899579999939306,1762002988652,1762002988881,,,,,,,,,,,,,,,
l1_online_only,LEO_ONLY,24,0.0,600,2,19,ok,,0,1,26.172959000177798,662,1,1.1700000000000088,4.954000000000008,5.84675000027346,1762002989821,1762002990053,,,,,,,,,,,,,,,
l1_online_only,LEO_ONLY,24,0.0,600,2,20,ok,,0,1,13.156416000128957,662,1,0.6180000000000021,1.5889999999999986,2.163125000151922,1762002990868,1762002991092,,,,,,,,,,,,,,,
l1_online_only,LEO_ONLY,24,0.1,200,2,1,ok,,0,1,14.863583999613184,662,1,0.6529999999999987,1.6269999999999527,2.0060830011061626,1762002991904,1762002992115,,,,,,,,,,,,,,,
l1_online_only,LEO_ONLY,24,0.1,200,2,2,ok,,0,1,15.99579200046719,662,1,0.5400000000000027,1.5900000000000318,2.3169579999375856,1762002992909,1762002993122,,,,,,,,,,,,,,,
l1_online_only,LEO_ONLY,24,0.1,200,2,3,ok,,0,1,13.562917001763708,662,1,0.4750000000000014,1.6189999999999714,2.0393750000948785,1762002993919,1762002994131,,,,,,,,,,,,,,,
l1_online_only,LEO_ONLY,24,0.1,200,2,4,ok,,0,1,14.95170799898915,662,1,0.5700000000000003,1.4260000000000446,1.9419580003159354,1762002994912,1762002995139,,,,,,,,,,,,,,,
l1_online_only,LEO_ONLY,24,0.1,200,2,5,ok,,0,1,14.899042000251939,662,1,0.5679999999999978,1.7000000000000455,2.179291999709676,1762002995927,1762002996163,,,,,,,,,,,,,,,
l1_online_only,LEO_ONLY,24,0.1,200,2,6,ok,,0,1,12.545916999442852,662,1,0.5450000000000088,1.4189999999999259,2.1450000003824243,1762002997037,1762002997252,,,,,,,,,,,,,,,
l1_online_only,LEO_ONLY,24,0.1,200,2,7,ok,,0,1,13.495458999386756,662,1,0.6219999999999999,1.7399999999999523,2.254625000205124,1762002998098,1762002998379,,,,,,,,,,,,,,,
l1_online_only,LEO_ONLY,24,0.1,200,2,8,ok,,0,1,30.67495799950848,662,1,1.564,11.009000000000015,13.102417000482092,1762002999244,1762002999458,,,,,,,,,,,,,,,
l1_online_only,LEO_ONLY,24,0.1,200,2,9,ok,,0,1,15.890540998952929,662,1,0.6360000000000099,1.5579999999999927,2.0407089996297145,1762003000312,1762003000535,,,,,,,,,,,,,,,
l1_online_only,LEO_ONLY,24,0.1,200,2,10,ok,,0,1,15.562292001050082,662,1,0.7519999999999953,1.7110000000000696,2.534666999054025,1762003001388,1762003001604,,,,,,,,,,,,,,,
l1_online_only,LEO_ONLY,24,0.1,200,2,11,ok,,0,1,12.966165999387158,662,1,0.595000000000006,1.5979999999999563,2.057833000435494,1762003002427,1762003002643,,,,,,,,,,,,,,,
l1_online_only,LEO_ONLY,24,0.1,200,2,12,ok,,0,1,16.614084001048468,662,1,0.6919999999999931,1.7359999999999332,2.5618329982535215,1762003003458,1762003003677,,,,,,,,,,,,,,,
l1_online_only,LEO_ONLY,24,0.1,200,2,13,ok,,0,1,15.593041000101948,662,1,0.5990000000000038,1.663000000000011,2.15037499947357,1762003004492,1762003004706,,,,,,,,,,,,,,,
l1_online_only,LEO_ONLY,24,0.1,200,2,14,ok,,0,1,13.371375000133412,662,1,0.7310000000000016,1.8029999999999973,2.491875000487198,1762003005506,1762003005770,,,,,,,,,,,,,,,
l1_online_only,LEO_ONLY,24,0.1,200,2,15,ok,,0,1,13.555457999245846,662,1,0.4770000000000003,1.5330000000000155,1.9552499998098938,1762003006602,1762003006805,,,,,,,,,,,,,,,
l1_online_only,LEO_ONLY,24,0.1,200,2,16,ok,,0,1,14.536417000272195,662,1,0.49700000000000344,1.643000000000029,2.1525409993046196,1762003007583,1762003007830,,,,,,,,,,,,,,,
l1_online_only,LEO_ONLY,24,0.1,200,2,17,ok,,0,1,15.418375000081141,662,1,0.490000000000002,1.6599999999999682,2.0673749986599432,1762003008599,1762003008812,,,,,,,,,,,,,,,
l1_online_only,LEO_ONLY,24,0.1,200,2,18,ok,,0,1,13.458458999593859,662,1,0.48300000000000054,1.643000000000029,2.3570410012325738,1762003009610,1762003009823,,,,,,,,,,,,,,,
l1_online_only,LEO_ONLY,24,0.1,200,2,19,ok,,0,1,13.82624999860127,662,1,0.4730000000000061,1.65300000000002,2.082082999550039,1762003010643,1762003010862,,,,,,,,,,,,,,,
l1_online_only,LEO_ONLY,24,0.1,200,2,20,ok,,0,1,14.264000001276145,662,1,0.5799999999999983,1.725999999999999,2.4967090012069093,1762003011715,1762003011939,,,,,,,,,,,,,,,
l1_online_only,LEO_ONLY,24,0.1,400,2,1,ok,,0,1,14.237458999559749,662,1,0.4699999999999953,1.627999999999929,2.066625000225031,1762003012764,1762003012972,,,,,,,,,,,,,,,
l1_online_only,LEO_ONLY,24,0.1,400,2,2,ok,,0,1,15.385124999738764,662,1,0.6939999999999955,1.8120000000000118,2.4489160005032318,1762003013823,1762003014106,,,,,,,,,,,,,,,
l1_online_only,LEO_ONLY,24,0.1,400,2,3,ok,,0,1,15.44600000124774,662,1,0.6959999999999908,1.8589999999999236,2.4682080002094153,1762003014864,1762003015104,,,,,,,,,,,,,,,
l1_online_only,LEO_ONLY,24,0.1,400,2,4,ok,,0,1,54.18445899886137,662,1,1.2240000000000038,9.322000000000003,17.733041999235866,1762003015902,1762003016122,,,,,,,,,,,,,,,
l1_online_only,LEO_ONLY,24,0.1,400,2,5,ok,,0,1,14.463374998740619,662,1,0.6259999999999906,1.7570000000000618,2.283791000081692,1762003016932,1762003017153,,,,,,,,,,,,,,,
l1_online_only,LEO_ONLY,24,0.1,400,2,6,ok,,0,1,13.388208999458584,662,1,0.5080000000000027,1.6100000000001273,2.29833299999882,1762003017990,1762003018205,,,,,,,,,,,,,,,
l1_online_only,LEO_ONLY,24,0.1,400,2,7,ok,,0,1,14.534292000462301,662,1,0.7599999999999909,1.9790000000000418,2.64512499961711,1762003019098,1762003019312,,,,,,,,,,,,,,,
l1_online_only,LEO_ONLY,24,0.1,400,2,8,ok,,0,1,16.752416000599624,662,1,0.5410000000000039,1.7320000000000846,2.512042001399095,1762003020092,1762003020315,,,,,,,,,,,,,,,
l1_online_only,LEO_ONLY,24,0.1,400,2,9,ok,,0,1,12.513582998508355,662,1,0.4750000000000014,1.65199999999993,2.08833400029107,1762003021122,1762003021334,,,,,,,,,,,,,,,
l1_online_only,LEO_ONLY,24,0.1,400,2,10,ok,,0,1,15.7630000012432,662,1,0.5,1.6709999999999354,2.4331669992534444,1762003022075,1762003022288,,,,,,,,,,,,,,,
l1_online_only,LEO_ONLY,24,0.1,400,2,11,ok,,0,1,13.6884170005942,662,1,0.6499999999999986,1.8059999999999263,2.3453330013580853,1762003023116,1762003023340,,,,,,,,,,,,,,,
l1_online_only,LEO_ONLY,24,0.1,400,2,12,ok,,0,1,14.692624999952386,662,1,0.6839999999999975,1.8090000000000828,2.4392499999521533,1762003024110,1762003024342,,,,,,,,,,,,,,,
l1_online_only,LEO_ONLY,24,0.1,400,2,13,ok,,0,1,15.32608299930871,662,1,0.5939999999999941,1.6380000000000337,2.145125001334236,1762003025109,1762003025340,,,,,,,,,,,,,,,
l1_online_only,LEO_ONLY,24,0.1,400,2,14,ok,,0,1,13.900666001063655,662,1,0.634999999999998,1.6870000000000118,2.4748750001890585,1762003026143,1762003026363,,,,,,,,,,,,,,,
l1_online_only,LEO_ONLY,24,0.1,400,2,15,ok,,0,1,11.28200000130164,662,1,0.5080000000000027,1.6059999999999945,2.045499999439926,1762003027188,1762003027406,,,,,,,,,,,,,,,
l1_online_only,LEO_ONLY,24,0.1,400,2,16,ok,,0,1,14.812499999607098,662,1,0.5730000000000075,1.7970000000000255,2.6159170010942034,1762003028234,1762003028454,,,,,,,,,,,,,,,
l1_online_only,LEO_ONLY,24,0.1,400,2,17,ok,,0,1,14.994332999776816,662,1,0.6999999999999993,1.6680000000000064,2.217874998677871,1762003029276,1762003029490,,,,,,,,,,,,,,,
l1_online_only,LEO_ONLY,24,0.1,400,2,18,ok,,0,1,14.968916999350768,662,1,0.48999999999999844,1.6340000000000146,2.16612499934854,1762003030276,1762003030489,,,,,,,,,,,,,,,
l1_online_only,LEO_ONLY,24,0.1,400,2,19,ok,,0,1,13.646207999045146,662,1,0.713000000000001,1.7040000000000646,2.247415999590885,1762003031306,1762003031524,,,,,,,,,,,,,,,
l1_online_only,LEO_ONLY,24,0.1,400,2,20,ok,,0,1,15.325209000366158,662,1,0.49199999999999733,1.6549999999999727,2.403874999799882,1762003032355,1762003032566,,,,,,,,,,,,,,,
l1_online_only,LEO_ONLY,24,0.1,600,2,1,ok,,0,1,14.012375000675092,662,1,0.48499999999999943,1.6280000000001564,2.064541000436293,1762003033367,1762003033585,,,,,,,,,,,,,,,
l1_online_only,LEO_ONLY,24,0.1,600,2,2,ok,,0,1,15.009000000645756,662,1,0.5379999999999967,1.7010000000000218,2.4510000002919696,1762003034384,1762003034600,,,,,,,,,,,,,,,
l1_online_only,LEO_ONLY,24,0.1,600,2,3,ok,,0,1,13.967582999612205,662,1,0.4660000000000011,1.5980000000001837,1.9958749999204883,1762003035414,1762003035630,,,,,,,,,,,,,,,
l1_online_only,LEO_ONLY,24,0.1,600,2,4,ok,,0,1,12.392208000164828,662,1,0.6119999999999948,1.6439999999998918,2.635708000525483,1762003036433,1762003036649,,,,,,,,,,,,,,,
l1_online_only,LEO_ONLY,24,0.1,600,2,5,ok,,0,1,13.579125001342618,662,1,0.6289999999999978,1.502999999999929,2.613708000353654,1762003037409,1762003037618,,,,,,,,,,,,,,,
l1_online_only,LEO_ONLY,24,0.1,600,2,6,ok,,0,1,13.66220799900475,662,1,0.629999999999999,1.6059999999999945,2.3534170013590483,1762003038418,1762003038631,,,,,,,,,,,,,,,
l1_online_only,LEO_ONLY,24,0.1,600,2,7,ok,,0,1,17.365833000440034,662,1,0.5250000000000057,3.269999999999982,4.509749998760526,1762003039408,1762003039617,,,,,,,,,,,,,,,
l1_online_only,LEO_ONLY,24,0.1,600,2,8,ok,,0,1,13.444292000713176,662,1,0.49799999999999756,1.5809999999999036,2.274000000397791,1762003040443,1762003040651,,,,,,,,,,,,,,,
l1_online_only,LEO_ONLY,24,0.1,600,2,9,ok,,0,1,14.99991699893144,662,1,0.6459999999999972,1.723999999999819,2.2382499992090743,1762003041468,1762003041681,,,,,,,,,,,,,,,
l1_online_only,LEO_ONLY,24,0.1,600,2,10,ok,,0,1,14.073292000830406,662,1,0.7110000000000056,1.7490000000000236,2.5222919994121185,1762003042521,1762003042746,,,,,,,,,,,,,,,
l1_online_only,LEO_ONLY,24,0.1,600,2,11,ok,,0,1,14.125292000244372,662,1,0.490000000000002,1.6510000000000673,2.04416599990509,1762003043581,1762003043801,,,,,,,,,,,,,,,
l1_online_only,LEO_ONLY,24,0.1,600,2,12,ok,,0,1,14.358792001075926,662,1,0.48099999999999454,1.6420000000000528,2.369832998738275,1762003044641,1762003044855,,,,,,,,,,,,,,,
l1_online_only,LEO_ONLY,24,0.1,600,2,13,ok,,0,1,15.032541999971727,662,1,0.740000000000002,1.8159999999999172,2.340250000997912,1762003045666,1762003045895,,,,,,,,,,,,,,,
l1_online_only,LEO_ONLY,24,0.1,600,2,14,ok,,0,1,14.688250001199776,662,1,0.5870000000000033,1.7530000000000427,2.6732920014183037,1762003046738,1762003046950,,,,,,,,,,,,,,,
l1_online_only,LEO_ONLY,24,0.1,600,2,15,ok,,0,1,14.103791998422821,662,1,0.8670000000000009,1.9160000000000537,2.4442089998046868,1762003047805,1762003048002,,,,,,,,,,,,,,,
l1_online_only,LEO_ONLY,24,0.1,600,2,16,ok,,0,1,15.53174999935436,662,1,0.6460000000000008,1.7279999999999518,2.515000000130385,1762003048823,1762003049037,,,,,,,,,,,,,,,
l1_online_only,LEO_ONLY,24,0.1,600,2,17,ok,,0,1,14.35108300029242,662,1,0.7639999999999958,1.70799999999997,2.2949590002099285,1762003049823,1762003050032,,,,,,,,,,,,,,,
l1_online_only,LEO_ONLY,24,0.1,600,2,18,ok,,0,1,16.460790999190067,662,1,0.5360000000000014,1.69399999999996,2.4695829997654073,1762003050789,1762003050999,,,,,,,,,,,,,,,
l1_online_only,LEO_ONLY,24,0.1,600,2,19,ok,,0,1,14.190207999490667,662,1,0.6060000000000016,1.7450000000000045,2.2007079987815814,1762003051785,1762003052006,,,,,,,,,,,,,,,
l1_online_only,LEO_ONLY,24,0.1,600,2,20,ok,,0,1,15.240083001117455,662,1,0.7079999999999984,1.7930000000000064,2.2590829994442174,1762003052813,1762003053029,,,,,,,,,,,,,,,
