scenario,mode,rtt_ms,loss_pct,timeout_ms,pto,run,status,failed_stage,errno,attempts,latency_ms,bytes_online,msgs_online,cpu_ms_ue,cpu_ms_leo2,ts5,ts6,rain_profile,bw_factor,down_rate_mbps,up_rate_mbps,bad_ticks,total_ticks,bad_ratio,blackout_events,blackout_ticks,window_profile,window_duration_ms,uplink_delay_ms,down_ready_ms,guard_close_ms,scheduled_blackouts
y2_rain_fade,RAIN_FADE,14,0.1,300,2,1,ok,,0,1,38.34933299367549,1021.0,1,4.044999999999995,15.129999999999654,1762231594411,1762231594425,light,0.8,80.0,0.0,0,1,0.0,0,0,,,,,,
y2_rain_fade,RAIN_FADE,14,0.1,300,2,2,ok,,0,1,32.61729200312402,1020.0,1,3.371000000000002,12.846999999999753,1762231594756,1762231594769,light,0.8,80.0,0.0,0,1,0.0,0,0,,,,,,
y2_rain_fade,RAIN_FADE,14,0.1,300,2,3,ok,,0,1,34.81691700289957,1019.0,1,3.7560000000000073,13.791999999999916,1762231595128,1762231595141,light,0.8,80.0,0.0,0,1,0.0,0,0,,,,,,
y2_rain_fade,RAIN_FADE,14,0.1,300,2,4,ok,,0,1,32.93508299975656,1021.0,1,3.7179999999999964,14.012000000000171,1762231595517,1762231595528,light,0.8,80.0,0.0,0,1,0.0,0,0,,,,,,
y2_rain_fade,RAIN_FADE,14,0.1,300,2,5,ok,,0,1,34.095082999556325,1020.0,1,3.661999999999999,13.773999999999887,1762231595892,1762231595903,light,0.8,80.0,0.0,0,1,0.0,0,0,,,,,,
y2_rain_fade,RAIN_FADE,14,0.1,300,2,6,ok,,0,1,36.11979100242024,1020.0,1,3.8810000000000002,13.815999999999804,1762231596288,1762231596302,light,0.8,80.0,0.0,1,1,1.0,0,0,,,,,,
y2_rain_fade,RAIN_FADE,14,0.1,300,2,7,ok,,0,1,37.759374994493555,1020.0,1,3.833999999999996,13.980000000000018,1762231596692,1762231596705,light,0.8,80.0,0.0,0,1,0.0,0,0,,,,,,
y2_rain_fade,RAIN_FADE,14,0.1,300,2,8,ok,,0,1,35.12629200122319,1020.0,1,3.862000000000002,14.157999999999902,1762231597090,1762231597100,light,0.8,80.0,0.0,0,1,0.0,0,0,,,,,,
y2_rain_fade,RAIN_FADE,14,0.1,300,2,9,ok,,0,1,38.33374999521766,1021.0,1,3.6809999999999974,14.114999999999327,1762231597455,1762231597470,light,0.8,80.0,0.0,0,1,0.0,0,0,,,,,,
y2_rain_fade,RAIN_FADE,14,0.1,300,2,10,ok,,0,1,32.89924999990035,1021.0,1,3.683000000000007,13.544999999999618,1762231597815,1762231597828,light,0.8,80.0,0.0,0,1,0.0,0,0,,,,,,
y2_rain_fade,RAIN_FADE,14,0.1,300,2,11,ok,,0,1,32.66725000139559,1020.0,1,3.703000000000003,13.907999999999902,1762231598211,1762231598223,light,0.8,80.0,0.0,0,1,0.0,0,0,,,,,,
y2_rain_fade,RAIN_FADE,14,0.1,300,2,12,ok,,0,1,33.000999996147584,1021.0,1,6.16899999999999,14.471000000000004,1762231598592,1762231598604,light,0.8,80.0,0.0,0,1,0.0,0,0,,,,,,
y2_rain_fade,RAIN_FADE,14,0.1,300,2,13,ok,,0,1,36.71087499969872,1020.0,1,3.563000000000006,13.603000000000065,1762231598956,1762231598969,light,0.8,80.0,0.0,0,1,0.0,0,0,,,,,,
y2_rain_fade,RAIN_FADE,14,0.1,300,2,14,ok,,0,1,31.053292004799005,1021.0,1,3.6510000000000034,13.847999999999956,1762231599329,1762231599341,light,0.8,80.0,0.0,0,1,0.0,0,0,,,,,,
y2_rain_fade,RAIN_FADE,14,0.1,300,2,15,ok,,0,1,36.99858300387859,1021.0,1,3.9299999999999997,14.190999999999804,1762231599728,1762231599741,light,0.8,80.0,0.0,0,1,0.0,0,0,,,,,,
y2_rain_fade,RAIN_FADE,14,0.1,300,2,16,ok,,0,1,34.10574999725213,1021.0,1,3.6629999999999967,13.540999999999713,1762231600070,1762231600081,light,0.8,80.0,0.0,0,1,0.0,0,0,,,,,,
y2_rain_fade,RAIN_FADE,14,0.1,300,2,17,ok,,0,1,32.4051249990589,1020.0,1,3.6230000000000047,13.673999999999978,1762231600450,1762231600460,light,0.8,80.0,0.0,0,1,0.0,0,0,,,,,,
y2_rain_fade,RAIN_FADE,14,0.1,300,2,18,ok,,0,1,32.47204199578846,1020.0,1,3.8909999999999982,13.708000000000084,1762231600840,1762231600851,light,0.8,80.0,0.0,0,1,0.0,0,0,,,,,,
y2_rain_fade,RAIN_FADE,14,0.1,300,2,19,ok,,0,1,34.437832997355144,1021.0,1,4.444000000000003,13.873999999999796,1762231601223,1762231601238,light,0.8,80.0,0.0,0,1,0.0,0,0,,,,,,
y2_rain_fade,RAIN_FADE,14,0.1,300,2,20,ok,,0,1,31.70358300121734,1021.0,1,3.6860000000000035,13.700000000000273,1762231601610,1762231601620,light,0.8,80.0,0.0,0,1,0.0,0,0,,,,,,
y2_rain_fade,RAIN_FADE,14,0.1,400,2,1,ok,,0,1,38.05537500011269,1021.0,1,3.804000000000002,14.08999999999969,1762231602132,1762231602146,light,0.8,80.0,0.0,0,1,0.0,0,0,,,,,,
y2_rain_fade,RAIN_FADE,14,0.1,400,2,2,ok,,0,1,36.09029200015357,1021.0,1,3.862000000000002,14.187999999999647,1762231602532,1762231602545,light,0.8,80.0,0.0,0,1,0.0,0,0,,,,,,
y2_rain_fade,RAIN_FADE,14,0.1,400,2,3,ok,,0,1,31.873666994215455,1020.0,1,3.7689999999999984,13.61999999999989,1762231602898,1762231602908,light,0.8,80.0,0.0,0,1,0.0,0,0,,,,,,
y2_rain_fade,RAIN_FADE,14,0.1,400,2,4,ok,,0,1,32.71808299905388,1020.0,1,3.7349999999999923,13.932999999999993,1762231603286,1762231603296,light,0.8,80.0,0.0,0,1,0.0,0,0,,,,,,
y2_rain_fade,RAIN_FADE,14,0.1,400,2,5,ok,,0,1,33.97924999444513,1020.0,1,3.6830000000000034,13.492999999999938,1762231603664,1762231603674,light,0.8,80.0,0.0,0,1,0.0,0,0,,,,,,
y2_rain_fade,RAIN_FADE,14,0.1,400,2,6,ok,,0,1,38.550665994989686,1020.0,1,3.7890000000000015,13.832999999999629,1762231604048,1762231604062,light,0.8,80.0,0.0,1,1,1.0,0,0,,,,,,
y2_rain_fade,RAIN_FADE,14,0.1,400,2,7,ok,,0,1,33.097625004302245,1021.0,1,3.6240000000000023,13.637000000000171,1762231604437,1762231604448,light,0.8,80.0,0.0,0,1,0.0,0,0,,,,,,
y2_rain_fade,RAIN_FADE,14,0.1,400,2,8,ok,,0,1,36.73295799671905,1021.0,1,3.695999999999998,14.284999999999854,1762231604831,1762231604844,light,0.8,80.0,0.0,0,1,0.0,0,0,,,,,,
y2_rain_fade,RAIN_FADE,14,0.1,400,2,9,ok,,0,1,36.074124996957835,1020.0,1,3.800999999999995,14.221000000000004,1762231605236,1762231605250,light,0.8,80.0,0.0,0,1,0.0,0,0,,,,,,
y2_rain_fade,RAIN_FADE,14,0.1,400,2,10,ok,,0,1,34.26037499593804,1020.0,1,3.548999999999996,13.347000000000207,1762231605595,1762231605607,light,0.8,80.0,0.0,0,1,0.0,0,0,,,,,,
y2_rain_fade,RAIN_FADE,14,0.1,400,2,11,ok,,0,1,35.129374999087304,1020.0,1,3.716000000000001,13.989000000000033,1762231605958,1762231605970,light,0.8,80.0,0.0,0,1,0.0,0,0,,,,,,
y2_rain_fade,RAIN_FADE,14,0.1,400,2,12,ok,,0,1,35.8027089969255,1021.0,1,3.6300000000000026,13.864000000000033,1762231606344,1762231606357,light,0.8,80.0,0.0,0,1,0.0,0,0,,,,,,
y2_rain_fade,RAIN_FADE,14,0.1,400,2,13,ok,,0,1,36.32383399963146,1020.0,1,3.5419999999999945,14.006999999999607,1762231606736,1762231606750,light,0.8,80.0,0.0,0,1,0.0,0,0,,,,,,
y2_rain_fade,RAIN_FADE,14,0.1,400,2,14,ok,,0,1,38.76874999696156,1021.0,1,3.634999999999998,14.400000000000546,1762231607121,1762231607135,light,0.8,80.0,0.0,0,1,0.0,0,0,,,,,,
y2_rain_fade,RAIN_FADE,14,0.1,400,2,15,ok,,0,1,40.13000000122702,1020.0,1,3.9579999999999984,14.2800000000002,1762231607529,1762231607544,light,0.8,80.0,0.0,0,1,0.0,0,0,,,,,,
y2_rain_fade,RAIN_FADE,14,0.1,400,2,16,ok,,0,1,36.776208005903754,1017.0,1,3.672000000000004,14.039999999999964,1762231607923,1762231607937,light,0.8,80.0,0.0,0,1,0.0,0,0,,,,,,
y2_rain_fade,RAIN_FADE,14,0.1,400,2,17,ok,,0,1,33.398749998013955,1020.0,1,4.445000000000007,15.5600000000004,1762231608349,1762231608359,light,0.8,80.0,0.0,0,1,0.0,0,0,,,,,,
y2_rain_fade,RAIN_FADE,14,0.1,400,2,18,ok,,0,1,38.67875000287313,1021.0,1,7.887999999999998,13.305999999999585,1762231608716,1762231608732,light,0.8,80.0,0.0,0,1,0.0,0,0,,,,,,
y2_rain_fade,RAIN_FADE,14,0.1,400,2,19,ok,,0,1,35.834290996717755,1021.0,1,3.6750000000000043,13.81399999999985,1762231609112,1762231609125,light,0.8,80.0,0.0,0,1,0.0,0,0,,,,,,
y2_rain_fade,RAIN_FADE,14,0.1,400,2,20,ok,,0,1,34.8037910007406,1020.0,1,3.705999999999996,13.894000000000233,1762231609508,1762231609519,light,0.8,80.0,0.0,0,1,0.0,0,0,,,,,,
y2_rain_fade,RAIN_FADE,14,0.2,300,2,1,ok,,0,1,35.945583003922366,1020.0,1,3.786999999999992,14.04699999999957,1762231610017,1762231610029,moderate,0.5,50.0,0.0,0,1,0.0,0,0,,,,,,
y2_rain_fade,RAIN_FADE,14,0.2,300,2,2,ok,,0,1,37.46041699923808,1020.0,1,3.7790000000000035,13.854999999999563,1762231610412,1762231610427,moderate,0.5,50.0,0.0,0,1,0.0,0,0,,,,,,
y2_rain_fade,RAIN_FADE,14,0.2,300,2,3,ok,,0,1,32.377833005739376,1020.0,1,3.442,12.992000000000644,1762231610824,1762231610836,moderate,0.5,50.0,0.0,0,1,0.0,0,0,,,,,,
y2_rain_fade,RAIN_FADE,14,0.2,300,2,4,ok,,0,1,35.52516699710395,1020.0,1,3.7959999999999994,13.816999999999553,1762231611192,1762231611205,moderate,0.5,50.0,0.0,0,1,0.0,0,0,,,,,,
y2_rain_fade,RAIN_FADE,14,0.2,300,2,5,ok,,0,1,35.79420899768593,1021.0,1,3.773999999999994,13.635999999999967,1762231611589,1762231611600,moderate,0.5,50.0,0.0,0,1,0.0,0,0,,,,,,
y2_rain_fade,RAIN_FADE,14,0.2,300,2,6,ok,,0,1,28.194791004352737,1020.0,1,3.664999999999992,13.708999999999833,1762231611981,1762231611989,moderate,0.5,50.0,0.0,1,1,1.0,0,0,,,,,,
y2_rain_fade,RAIN_FADE,14,0.2,300,2,7,ok,,0,1,36.91641699697357,1020.0,1,3.682000000000002,13.666000000000622,1762231612352,1762231612363,moderate,0.5,50.0,0.0,0,1,0.0,0,0,,,,,,
y2_rain_fade,RAIN_FADE,14,0.2,300,2,8,ok,,0,1,34.425040998030454,1020.0,1,3.6090000000000018,13.54300000000012,1762231612740,1762231612749,moderate,0.5,50.0,0.0,0,1,0.0,0,0,,,,,,
y2_rain_fade,RAIN_FADE,14,0.2,300,2,9,ok,,0,1,37.11891599959927,1020.0,1,3.9080000000000013,15.309000000000196,1762231613138,1762231613150,moderate,0.5,50.0,0.0,0,1,0.0,0,0,,,,,,
y2_rain_fade,RAIN_FADE,14,0.2,300,2,10,ok,,0,1,35.87770799640566,1020.0,1,3.6189999999999927,13.893000000000939,1762231613503,1762231613515,moderate,0.5,50.0,0.0,0,1,0.0,0,0,,,,,,
y2_rain_fade,RAIN_FADE,14,0.2,300,2,11,ok,,0,1,38.70837500289781,1021.0,1,3.684000000000001,14.02600000000075,1762231613878,1762231613891,moderate,0.5,50.0,0.0,0,1,0.0,0,0,,,,,,
y2_rain_fade,RAIN_FADE,14,0.2,300,2,12,ok,,0,1,35.15491699363338,1021.0,1,3.743000000000002,13.980999999999767,1762231614279,1762231614290,moderate,0.5,50.0,0.0,0,1,0.0,0,0,,,,,,
y2_rain_fade,RAIN_FADE,14,0.2,300,2,13,ok,,0,1,36.81000000506174,1021.0,1,3.7659999999999982,14.052999999999884,1762231614699,1762231614711,moderate,0.5,50.0,0.0,0,1,0.0,0,0,,,,,,
y2_rain_fade,RAIN_FADE,14,0.2,300,2,14,ok,,0,1,35.636708002130035,1020.0,1,3.7579999999999956,14.073999999999614,1762231615086,1762231615099,moderate,0.5,50.0,0.0,0,1,0.0,0,0,,,,,,
y2_rain_fade,RAIN_FADE,14,0.2,300,2,15,ok,,0,1,31.765249994350597,1018.0,1,3.6270000000000024,13.719000000000051,1762231615468,1762231615478,moderate,0.5,50.0,0.0,0,1,0.0,0,0,,,,,,
y2_rain_fade,RAIN_FADE,14,0.2,300,2,16,ok,,0,1,32.05991700087907,1021.0,1,3.875000000000007,14.05200000000059,1762231615947,1762231615958,moderate,0.5,50.0,0.0,0,1,0.0,0,0,,,,,,
y2_rain_fade,RAIN_FADE,14,0.2,300,2,17,ok,,0,1,39.175792000605725,1021.0,1,4.125000000000007,15.200999999999112,1762231616385,1762231616398,moderate,0.5,50.0,0.0,0,1,0.0,0,0,,,,,,
y2_rain_fade,RAIN_FADE,14,0.2,300,2,18,ok,,0,1,36.79000000556698,1021.0,1,4.591999999999999,14.04699999999957,1762231616834,1762231616847,moderate,0.5,50.0,0.0,0,1,0.0,0,0,,,,,,
y2_rain_fade,RAIN_FADE,14,0.2,300,2,19,ok,,0,2,43.846665997989476,2040.0,2,7.262000000000008,16.21600000000035,1762231617760,1762231617778,moderate,0.5,50.0,0.0,3,3,1.0,0,0,,,,,,
y2_rain_fade,RAIN_FADE,14,0.2,300,2,20,ok,,0,1,37.57791600219207,1021.0,1,4.139000000000003,14.657000000000153,1762231618175,1762231618188,moderate,0.5,50.0,0.0,0,1,0.0,0,0,,,,,,
y2_rain_fade,RAIN_FADE,14,0.2,400,2,1,ok,,0,1,50.955958002305124,1020.0,1,15.396,14.59100000000035,1762231618724,1762231618750,moderate,0.5,50.0,0.0,0,1,0.0,0,0,,,,,,
y2_rain_fade,RAIN_FADE,14,0.2,400,2,2,ok,,0,1,32.381750002969056,1020.0,1,3.720000000000006,13.858999999999469,1762231619099,1762231619111,moderate,0.5,50.0,0.0,0,1,0.0,0,0,,,,,,
y2_rain_fade,RAIN_FADE,14,0.2,400,2,3,ok,,0,1,35.15862499625655,1021.0,1,3.780999999999999,13.636000000000422,1762231619494,1762231619505,moderate,0.5,50.0,0.0,0,1,0.0,0,0,,,,,,
y2_rain_fade,RAIN_FADE,14,0.2,400,2,4,ok,,0,1,37.988125004631,1021.0,1,3.6670000000000016,13.84900000000016,1762231619883,1762231619896,moderate,0.5,50.0,0.0,0,1,0.0,0,0,,,,,,
y2_rain_fade,RAIN_FADE,14,0.2,400,2,5,ok,,0,1,33.5146249999525,1020.0,1,3.642999999999997,13.469000000000051,1762231620264,1762231620276,moderate,0.5,50.0,0.0,0,1,0.0,0,0,,,,,,
y2_rain_fade,RAIN_FADE,14,0.2,400,2,6,ok,,0,1,37.47954199934611,1021.0,1,3.6200000000000045,13.966999999999643,1762231620646,1762231620659,moderate,0.5,50.0,0.0,1,1,1.0,0,0,,,,,,
y2_rain_fade,RAIN_FADE,14,0.2,400,2,7,ok,,0,1,36.016707999806385,1021.0,1,3.6669999999999945,13.822000000000116,1762231621008,1762231621023,moderate,0.5,50.0,0.0,0,1,0.0,0,0,,,,,,
y2_rain_fade,RAIN_FADE,14,0.2,400,2,8,ok,,0,1,32.51783300220268,1020.0,1,3.4629999999999974,13.1850000000004,1762231621447,1762231621458,moderate,0.5,50.0,0.0,0,1,0.0,0,0,,,,,,
y2_rain_fade,RAIN_FADE,14,0.2,400,2,9,ok,,0,1,38.19583400036208,1021.0,1,3.679999999999996,13.842999999999847,1762231621856,1762231621869,moderate,0.5,50.0,0.0,0,1,0.0,0,0,,,,,,
y2_rain_fade,RAIN_FADE,14,0.2,400,2,10,ok,,0,1,32.806707997224294,1021.0,1,3.672000000000004,13.84900000000016,1762231622254,1762231622265,moderate,0.5,50.0,0.0,0,1,0.0,0,0,,,,,,
y2_rain_fade,RAIN_FADE,14,0.2,400,2,11,ok,,0,1,34.454958004062064,1021.0,1,3.6950000000000003,13.919999999999163,1762231622667,1762231622677,moderate,0.5,50.0,0.0,0,1,0.0,0,0,,,,,,
y2_rain_fade,RAIN_FADE,14,0.2,400,2,12,ok,,0,1,36.097500000323635,1020.0,1,3.634999999999998,13.885000000000218,1762231623073,1762231623086,moderate,0.5,50.0,0.0,0,1,0.0,0,0,,,,,,
y2_rain_fade,RAIN_FADE,14,0.2,400,2,13,ok,,0,1,32.5807920016814,1020.0,1,3.5859999999999985,13.542000000000371,1762231623451,1762231623462,moderate,0.5,50.0,0.0,0,1,0.0,0,0,,,,,,
y2_rain_fade,RAIN_FADE,14,0.2,400,2,14,ok,,0,1,34.743292002531234,1020.0,1,3.5369999999999955,13.234000000000378,1762231623818,1762231623829,moderate,0.5,50.0,0.0,0,1,0.0,0,0,,,,,,
y2_rain_fade,RAIN_FADE,14,0.2,400,2,15,ok,,0,1,34.79220799636096,1020.0,1,3.7450000000000045,14.139999999999418,1762231624256,1762231624270,moderate,0.5,50.0,0.0,0,1,0.0,0,0,,,,,,
y2_rain_fade,RAIN_FADE,14,0.2,400,2,16,ok,,0,1,37.960458001180086,1020.0,1,3.4460000000000015,13.345000000000255,1762231624707,1762231624720,moderate,0.5,50.0,0.0,0,1,0.0,0,0,,,,,,
y2_rain_fade,RAIN_FADE,14,0.2,400,2,17,ok,,0,1,36.469999999098945,1021.0,1,3.7340000000000018,13.815999999999804,1762231625072,1762231625084,moderate,0.5,50.0,0.0,0,1,0.0,0,0,,,,,,
y2_rain_fade,RAIN_FADE,14,0.2,400,2,18,ok,,0,1,35.236333998909686,1019.0,1,3.632000000000005,13.9399999999996,1762231625466,1762231625478,moderate,0.5,50.0,0.0,0,1,0.0,0,0,,,,,,
y2_rain_fade,RAIN_FADE,14,0.2,400,2,19,ok,,0,1,35.47991700179409,1020.0,1,3.8619999999999948,13.684000000000196,1762231625831,1762231625843,moderate,0.5,50.0,0.0,1,1,1.0,0,0,,,,,,
y2_rain_fade,RAIN_FADE,14,0.2,400,2,20,ok,,0,1,33.85979199811118,1020.0,1,3.6669999999999945,13.720999999999549,1762231626202,1762231626215,moderate,0.5,50.0,0.0,0,1,0.0,0,0,,,,,,
y2_rain_fade,RAIN_FADE,14,0.3,300,2,1,ok,,0,1,30.30991600098787,1020.0,1,3.712999999999994,13.330999999999221,1762231626793,1762231626804,heavy,0.25,25.0,0.0,1,1,1.0,0,0,,,,,,
y2_rain_fade,RAIN_FADE,14,0.3,300,2,2,ok,,0,2,38.923499996599276,2042.0,2,6.027999999999999,19.947000000000116,1762231627686,1762231627699,heavy,0.25,25.0,0.0,2,2,1.0,0,0,,,,,,
y2_rain_fade,RAIN_FADE,14,0.3,300,2,3,ok,,0,1,34.389000000373926,1020.0,1,3.7169999999999987,14.105000000000473,1762231627979,1762231627989,heavy,0.25,25.0,0.0,0,1,0.0,0,0,,,,,,
y2_rain_fade,RAIN_FADE,14,0.3,300,2,4,ok,,0,1,36.45587499340763,1020.0,1,3.753,14.153999999999542,1762231628387,1762231628399,heavy,0.25,25.0,0.0,1,1,1.0,0,0,,,,,,
y2_rain_fade,RAIN_FADE,14,0.3,300,2,5,ok,,0,1,33.52695800276706,1021.0,1,3.807000000000002,14.360000000000582,1762231628790,1762231628802,heavy,0.25,25.0,0.0,1,1,1.0,0,0,,,,,,
y2_rain_fade,RAIN_FADE,14,0.3,300,2,6,ok,,0,1,34.83320799568901,1020.0,1,3.5920000000000023,13.949000000000524,1762231629151,1762231629165,heavy,0.25,25.0,0.0,1,1,1.0,0,0,,,,,,
y2_rain_fade,RAIN_FADE,14,0.3,300,2,7,ok,,0,1,34.60179200192215,1021.0,1,3.721999999999994,13.925999999999476,1762231629527,1762231629537,heavy,0.25,25.0,0.0,1,1,1.0,0,0,,,,,,
y2_rain_fade,RAIN_FADE,14,0.3,300,2,8,ok,,0,1,33.476249998784624,1020.0,1,3.7570000000000014,14.351999999999862,1762231629901,1762231629915,heavy,0.25,25.0,0.0,0,1,0.0,0,0,,,,,,
y2_rain_fade,RAIN_FADE,14,0.3,300,2,9,ok,,0,1,39.0227079988108,1020.0,1,3.597999999999999,14.057999999999083,1762231630309,1762231630323,heavy,0.25,25.0,0.0,0,1,0.0,0,0,,,,,,
y2_rain_fade,RAIN_FADE,14,0.3,300,2,10,ok,,0,2,50.92216699995333,2042.0,2,6.976000000000006,23.191000000000713,1762231631199,1762231631216,heavy,0.25,25.0,0.0,3,3,1.0,0,0,,,,,,
y2_rain_fade,RAIN_FADE,14,0.3,300,2,11,ok,,0,1,35.507458000211045,1021.0,1,3.6010000000000026,13.865999999999985,1762231631640,1762231631651,heavy,0.25,25.0,0.0,0,1,0.0,0,0,,,,,,
y2_rain_fade,RAIN_FADE,14,0.3,300,2,12,ok,,0,1,36.45695799787063,1020.0,1,3.5459999999999923,14.02599999999984,1762231632015,1762231632030,heavy,0.25,25.0,0.0,0,1,0.0,0,0,,,,,,
y2_rain_fade,RAIN_FADE,14,0.3,300,2,13,ok,,0,2,43.05608299910091,2042.0,2,5.567,19.395000000000437,1762231632909,1762231632921,heavy,0.25,25.0,0.0,2,2,1.0,0,0,,,,,,
y2_rain_fade,RAIN_FADE,14,0.3,300,2,14,ok,,0,1,37.14604199922178,1020.0,1,3.7109999999999985,13.793999999999869,1762231633202,1762231633215,heavy,0.25,25.0,0.0,0,1,0.0,0,0,,,,,,
y2_rain_fade,RAIN_FADE,14,0.3,300,2,15,ok,,0,1,32.64299999864306,1018.0,1,3.553000000000001,13.74200000000019,1762231633571,1762231633581,heavy,0.25,25.0,0.0,1,1,1.0,0,0,,,,,,
y2_rain_fade,RAIN_FADE,14,0.3,300,2,16,ok,,0,1,36.54425000422634,1020.0,1,3.683,13.88800000000083,1762231633974,1762231633987,heavy,0.25,25.0,0.0,0,1,0.0,0,0,,,,,,
y2_rain_fade,RAIN_FADE,14,0.3,300,2,17,ok,,0,1,33.50558300007833,1020.0,1,3.701999999999998,14.061000000000604,1762231634387,1762231634398,heavy,0.25,25.0,0.0,1,1,1.0,0,0,,,,,,
y2_rain_fade,RAIN_FADE,14,0.3,300,2,18,ok,,0,1,34.8910419997992,1020.0,1,3.5079999999999956,13.918000000000575,1762231634774,1762231634784,heavy,0.25,25.0,0.0,0,1,0.0,0,0,,,,,,
y2_rain_fade,RAIN_FADE,14,0.3,300,2,19,ok,,0,2,47.22733300150139,2040.0,2,5.741999999999997,22.296000000001186,1762231635689,1762231635704,heavy,0.25,25.0,0.0,2,2,1.0,0,0,,,,,,
y2_rain_fade,RAIN_FADE,14,0.3,300,2,20,ok,,0,1,33.41537500091363,1019.0,1,4.359000000000002,13.65100000000075,1762231635994,1762231636005,heavy,0.25,25.0,0.0,0,1,0.0,0,0,,,,,,
y2_rain_fade,RAIN_FADE,14,0.3,400,2,1,ok,,0,1,35.28424999967683,1021.0,1,3.5890000000000057,13.789999999999964,1762231636519,1762231636529,heavy,0.25,25.0,0.0,1,1,1.0,0,0,,,,,,
y2_rain_fade,RAIN_FADE,14,0.3,400,2,2,ok,,0,1,37.17691700148862,1020.0,1,3.5459999999999994,13.76299999999992,1762231636930,1762231636943,heavy,0.25,25.0,0.0,1,1,1.0,0,0,,,,,,
y2_rain_fade,RAIN_FADE,14,0.3,400,2,3,ok,,0,1,40.55866699491162,1021.0,1,4.51700000000001,19.740999999999076,1762231637350,1762231637362,heavy,0.25,25.0,0.0,0,1,0.0,0,0,,,,,,
y2_rain_fade,RAIN_FADE,14,0.3,400,2,4,ok,,0,1,39.37008300272282,1021.0,1,3.7890000000000015,14.19300000000112,1762231637730,1762231637744,heavy,0.25,25.0,0.0,1,1,1.0,0,0,,,,,,
y2_rain_fade,RAIN_FADE,14,0.3,400,2,5,ok,,0,1,37.565082995570265,1021.0,1,3.6329999999999956,13.449999999999818,1762231638126,1762231638140,heavy,0.25,25.0,0.0,1,1,1.0,0,0,,,,,,
y2_rain_fade,RAIN_FADE,14,0.3,400,2,6,ok,,0,1,37.928958001430146,1020.0,1,3.603999999999999,13.983999999999469,1762231638540,1762231638550,heavy,0.25,25.0,0.0,1,1,1.0,0,0,,,,,,
y2_rain_fade,RAIN_FADE,14,0.3,400,2,7,ok,,0,2,39.06345900031738,2039.0,2,4.782000000000004,17.58599999999933,1762231639486,1762231639497,heavy,0.25,25.0,0.0,2,2,1.0,0,0,,,,,,
y2_rain_fade,RAIN_FADE,14,0.3,400,2,8,ok,,0,1,35.42137499607634,1020.0,1,3.787000000000006,14.405999999999949,1762231639781,1762231639794,heavy,0.25,25.0,0.0,0,1,0.0,0,0,,,,,,
y2_rain_fade,RAIN_FADE,14,0.3,400,2,9,ok,,0,1,34.944291997817345,1019.0,1,3.7419999999999902,13.742999999999483,1762231640158,1762231640170,heavy,0.25,25.0,0.0,0,1,0.0,0,0,,,,,,
y2_rain_fade,RAIN_FADE,14,0.3,400,2,10,ok,,0,1,34.37345800193725,1020.0,1,3.956000000000003,14.136999999999716,1762231640550,1762231640561,heavy,0.25,25.0,0.0,1,1,1.0,0,0,,,,,,
y2_rain_fade,RAIN_FADE,14,0.3,400,2,11,ok,,0,1,34.72287500335369,1020.0,1,3.7920000000000087,15.298999999999978,1762231641025,1762231641038,heavy,0.25,25.0,0.0,0,1,0.0,0,0,,,,,,
y2_rain_fade,RAIN_FADE,14,0.3,400,2,12,ok,,0,1,33.987957998760976,1020.0,1,3.3669999999999973,13.281999999999243,1762231641422,1762231641435,heavy,0.25,25.0,0.0,0,1,0.0,0,0,,,,,,
y2_rain_fade,RAIN_FADE,14,0.3,400,2,13,ok,,0,1,34.21183399768779,1020.0,1,3.7579999999999956,14.137000000000626,1762231641819,1762231641834,heavy,0.25,25.0,0.0,1,1,1.0,0,0,,,,,,
y2_rain_fade,RAIN_FADE,14,0.3,400,2,14,ok,,0,1,37.544334001722746,1020.0,1,4.049999999999997,16.09600000000046,1762231642253,1762231642265,heavy,0.25,25.0,0.0,0,1,0.0,0,0,,,,,,
y2_rain_fade,RAIN_FADE,14,0.3,400,2,15,failed,timeout_wait_response,0,3,506.73558300331933,3063.0,3,3.9229999999999947,0.0,1762231643644,,heavy,0.25,25.0,0.0,6,6,1.0,1,3,,,,,,
y2_rain_fade,RAIN_FADE,14,0.3,400,2,16,ok,,0,1,36.70333300397033,1021.0,1,3.8669999999999973,14.295000000000982,1762231644491,1762231644503,heavy,0.25,25.0,0.0,0,1,0.0,0,0,,,,,,
y2_rain_fade,RAIN_FADE,14,0.3,400,2,17,ok,,0,1,36.21733399631921,1021.0,1,3.732999999999997,14.18499999999949,1762231644870,1762231644884,heavy,0.25,25.0,0.0,1,1,1.0,0,0,,,,,,
y2_rain_fade,RAIN_FADE,14,0.3,400,2,18,ok,,0,1,33.59595900110435,1021.0,1,3.6810000000000045,13.837000000000444,1762231645253,1762231645264,heavy,0.25,25.0,0.0,0,1,0.0,0,0,,,,,,
y2_rain_fade,RAIN_FADE,14,0.3,400,2,19,ok,,0,2,39.36141700251028,2040.0,2,6.296999999999997,20.90899999999965,1762231646164,1762231646176,heavy,0.25,25.0,0.0,2,2,1.0,0,0,,,,,,
y2_rain_fade,RAIN_FADE,14,0.3,400,2,20,ok,,0,1,37.47566699894378,1020.0,1,3.6599999999999966,14.338999999999942,1762231646459,1762231646470,heavy,0.25,25.0,0.0,0,1,0.0,0,0,,,,,,
y2_rain_fade,RAIN_FADE,14,0.6,300,2,1,ok,,0,1,35.28391600411851,1020.0,1,3.6099999999999994,14.001000000000204,1762231646991,1762231647004,storm,0.15,15.0,0.0,1,1,1.0,0,0,,,,,,
y2_rain_fade,RAIN_FADE,14,0.6,300,2,2,ok,,0,1,27.868916004081257,1020.0,1,3.487999999999996,13.194000000000415,1762231647393,1762231647402,storm,0.15,15.0,0.0,1,1,1.0,0,0,,,,,,
y2_rain_fade,RAIN_FADE,14,0.6,300,2,3,ok,,0,1,37.84966600505868,1020.0,1,3.8659999999999997,14.104999999999563,1762231647790,1762231647805,storm,0.15,15.0,0.0,0,1,0.0,0,0,,,,,,
y2_rain_fade,RAIN_FADE,14,0.6,300,2,4,ok,,0,2,38.17933300160803,2040.0,2,3.9470000000000027,14.536000000000058,1762231648672,1762231648685,storm,0.15,15.0,0.0,2,2,1.0,0,0,,,,,,
y2_rain_fade,RAIN_FADE,14,0.6,300,2,5,ok,,0,1,34.569875002489425,1021.0,1,3.4060000000000024,13.260000000001128,1762231648958,1762231648970,storm,0.15,15.0,0.0,1,1,1.0,0,0,,,,,,
y2_rain_fade,RAIN_FADE,14,0.6,300,2,6,ok,,0,3,42.54341700288933,3061.0,3,5.5930000000000035,19.39800000000014,1762231650381,1762231650398,storm,0.15,15.0,0.0,4,4,1.0,0,0,,,,,,
y2_rain_fade,RAIN_FADE,14,0.6,300,2,7,ok,,0,1,38.48320900578983,1020.0,1,3.693000000000005,14.039999999999964,1762231650679,1762231650695,storm,0.15,15.0,0.0,1,1,1.0,0,0,,,,,,
y2_rain_fade,RAIN_FADE,14,0.6,300,2,8,ok,,0,1,32.80412500316743,1020.0,1,3.814000000000007,13.625,1762231651079,1762231651092,storm,0.15,15.0,0.0,0,1,0.0,0,0,,,,,,
y2_rain_fade,RAIN_FADE,14,0.6,300,2,9,ok,,0,1,35.565500998927746,1020.0,1,3.4179999999999993,13.187999999999192,1762231651432,1762231651445,storm,0.15,15.0,0.0,0,1,0.0,0,0,,,,,,
y2_rain_fade,RAIN_FADE,14,0.6,300,2,10,ok,,0,1,38.141040997288655,1021.0,1,3.737000000000009,14.07299999999941,1762231651814,1762231651830,storm,0.15,15.0,0.0,1,1,1.0,0,0,,,,,,
y2_rain_fade,RAIN_FADE,14,0.6,300,2,11,ok,,0,1,37.99545900255907,1021.0,1,3.823999999999998,14.292999999999665,1762231652211,1762231652226,storm,0.15,15.0,0.0,0,1,0.0,0,0,,,,,,
y2_rain_fade,RAIN_FADE,14,0.6,300,2,12,ok,,0,1,33.231708002858795,1020.0,1,3.4360000000000035,13.746999999999389,1762231652584,1762231652595,storm,0.15,15.0,0.0,0,1,0.0,0,0,,,,,,
y2_rain_fade,RAIN_FADE,14,0.6,300,2,13,ok,,0,1,34.535708000476006,1020.0,1,3.583999999999996,13.672999999999774,1762231652989,1762231653003,storm,0.15,15.0,0.0,1,1,1.0,0,0,,,,,,
y2_rain_fade,RAIN_FADE,14,0.6,300,2,14,ok,,0,1,37.91787500085775,1020.0,1,3.5949999999999918,13.909999999999854,1762231653358,1762231653371,storm,0.15,15.0,0.0,0,1,0.0,0,0,,,,,,
y2_rain_fade,RAIN_FADE,14,0.6,300,2,15,failed,timeout_wait_response,0,3,505.0499589997344,3058.0,3,3.9420000000000073,0.0,1762231654766,,storm,0.15,15.0,0.0,6,6,1.0,1,4,,,,,,
y2_rain_fade,RAIN_FADE,14,0.6,300,2,16,ok,,0,1,34.346125001320615,1021.0,1,3.719000000000001,14.170000000000073,1762231655633,1762231655645,storm,0.15,15.0,0.0,0,1,0.0,0,0,,,,,,
y2_rain_fade,RAIN_FADE,14,0.6,300,2,17,ok,,0,3,41.080458999203984,3062.0,3,5.2520000000000024,18.66900000000078,1762231657022,1762231657033,storm,0.15,15.0,0.0,4,4,1.0,0,0,,,,,,
y2_rain_fade,RAIN_FADE,14,0.6,300,2,18,ok,,0,2,39.985916002478916,2041.0,2,5.549999999999997,19.42700000000059,1762231657807,1762231657820,storm,0.15,15.0,0.0,2,2,1.0,0,0,,,,,,
y2_rain_fade,RAIN_FADE,14,0.6,300,2,19,ok,,0,1,33.09920800529653,1021.0,1,3.737000000000002,13.811999999999898,1762231658086,1762231658098,storm,0.15,15.0,0.0,1,1,1.0,0,0,,,,,,
y2_rain_fade,RAIN_FADE,14,0.6,300,2,20,ok,,0,1,37.112707999767736,1020.0,1,3.9570000000000007,14.010999999999513,1762231658500,1762231658513,storm,0.15,15.0,0.0,0,1,0.0,0,0,,,,,,
y2_rain_fade,RAIN_FADE,14,0.6,400,2,1,ok,,0,1,33.743957996193785,1020.0,1,3.567999999999998,13.694000000000415,1762231659019,1762231659029,storm,0.15,15.0,0.0,1,1,1.0,0,0,,,,,,
y2_rain_fade,RAIN_FADE,14,0.6,400,2,2,ok,,0,1,37.581417003821116,1020.0,1,3.695999999999998,14.280999999999949,1762231659428,1762231659444,storm,0.15,15.0,0.0,1,1,1.0,0,0,,,,,,
y2_rain_fade,RAIN_FADE,14,0.6,400,2,3,ok,,0,1,34.074999995937105,1020.0,1,3.6700000000000017,13.787000000000262,1762231659816,1762231659827,storm,0.15,15.0,0.0,0,1,0.0,0,0,,,,,,
y2_rain_fade,RAIN_FADE,14,0.6,400,2,4,ok,,0,2,47.317875003500376,2040.0,2,7.162999999999997,22.475999999999658,1762231660699,1762231660713,storm,0.15,15.0,0.0,3,3,1.0,0,0,,,,,,
y2_rain_fade,RAIN_FADE,14,0.6,400,2,5,ok,,0,1,34.99079200264532,1021.0,1,3.7340000000000018,14.078999999999724,1762231661095,1762231661107,storm,0.15,15.0,0.0,1,1,1.0,0,0,,,,,,
y2_rain_fade,RAIN_FADE,14,0.6,400,2,6,ok,,0,2,51.64487499860115,2039.0,2,8.018,22.975999999999658,1762231662025,1762231662046,storm,0.15,15.0,0.0,3,3,1.0,0,0,,,,,,
y2_rain_fade,RAIN_FADE,14,0.6,400,2,7,ok,,0,1,28.307125001447275,1021.0,1,3.733000000000004,13.625,1762231662430,1762231662439,storm,0.15,15.0,0.0,1,1,1.0,0,0,,,,,,
y2_rain_fade,RAIN_FADE,14,0.6,400,2,8,ok,,0,1,38.29133399995044,1020.0,1,3.8689999999999998,13.956000000000131,1762231662824,1762231662838,storm,0.15,15.0,0.0,0,1,0.0,0,0,,,,,,
y2_rain_fade,RAIN_FADE,14,0.6,400,2,9,ok,,0,1,32.58816699963063,1020.0,1,3.5790000000000006,13.667000000000371,1762231663221,1762231663232,storm,0.15,15.0,0.0,0,1,0.0,0,0,,,,,,
y2_rain_fade,RAIN_FADE,14,0.6,400,2,10,ok,,0,1,36.36512500088429,1021.0,1,3.6040000000000028,13.552999999999884,1762231663619,1762231663631,storm,0.15,15.0,0.0,1,1,1.0,0,0,,,,,,
y2_rain_fade,RAIN_FADE,14,0.6,400,2,11,ok,,0,1,32.16641699691536,1020.0,1,3.905999999999999,13.752999999999702,1762231664014,1762231664024,storm,0.15,15.0,0.0,0,1,0.0,0,0,,,,,,
y2_rain_fade,RAIN_FADE,14,0.6,400,2,12,ok,,0,1,34.29574999609031,1021.0,1,3.6669999999999945,13.67699999999968,1762231664425,1762231664437,storm,0.15,15.0,0.0,0,1,0.0,0,0,,,,,,
y2_rain_fade,RAIN_FADE,14,0.6,400,2,13,ok,,0,1,32.22525000455789,1021.0,1,3.6159999999999997,13.524000000000342,1762231664812,1762231664821,storm,0.15,15.0,0.0,1,1,1.0,0,0,,,,,,
y2_rain_fade,RAIN_FADE,14,0.6,400,2,14,ok,,0,1,34.68274999613641,1019.0,1,3.614999999999995,13.700000000000728,1762231665200,1762231665213,storm,0.15,15.0,0.0,0,1,0.0,0,0,,,,,,
y2_rain_fade,RAIN_FADE,14,0.6,400,2,15,ok,,0,2,46.62366699631093,2041.0,2,8.167000000000002,22.983000000000175,1762231666101,1762231666117,storm,0.15,15.0,0.0,3,3,1.0,1,1,,,,,,
y2_rain_fade,RAIN_FADE,14,0.6,400,2,16,ok,,0,1,37.44483400078025,1020.0,1,3.6779999999999973,14.083999999999833,1762231666514,1762231666526,storm,0.15,15.0,0.0,0,1,0.0,0,0,,,,,,
y2_rain_fade,RAIN_FADE,14,0.6,400,2,17,failed,timeout_wait_response,0,3,506.91683400509646,3062.0,3,5.697000000000003,0.0,1762231667915,,storm,0.15,15.0,0.0,6,6,1.0,0,0,,,,,,
y2_rain_fade,RAIN_FADE,14,0.6,400,2,18,ok,,0,1,39.72183300356846,1020.0,1,3.8799999999999955,17.90099999999984,1762231668688,1762231668698,storm,0.15,15.0,0.0,1,1,1.0,0,0,,,,,,
y2_rain_fade,RAIN_FADE,14,0.6,400,2,19,ok,,0,1,33.809749998908956,1020.0,1,3.6880000000000024,13.956000000000131,1762231669060,1762231669072,storm,0.15,15.0,0.0,1,1,1.0,0,0,,,,,,
y2_rain_fade,RAIN_FADE,14,0.6,400,2,20,ok,,0,1,35.51383299782174,1020.0,1,3.4940000000000033,13.678999999999178,1762231669448,1762231669461,storm,0.15,15.0,0.0,0,1,0.0,0,0,,,,,,
y2_rain_fade,RAIN_FADE,24,0.1,300,2,1,ok,,0,1,48.070709002786316,1020.0,1,3.7029999999999994,14.350000000000364,1762231669973,1762231669993,light,0.8,80.0,0.0,1,1,1.0,0,0,,,,,,
y2_rain_fade,RAIN_FADE,24,0.1,300,2,2,ok,,0,1,44.83237500244286,1020.0,1,3.7849999999999966,14.087999999999738,1762231670368,1762231670388,light,0.8,80.0,0.0,0,1,0.0,0,0,,,,,,
y2_rain_fade,RAIN_FADE,24,0.1,300,2,3,ok,,0,1,60.39966699609067,1020.0,1,3.6060000000000016,13.766000000000531,1762231670774,1762231670792,light,0.8,80.0,0.0,0,1,0.0,0,0,,,,,,
y2_rain_fade,RAIN_FADE,24,0.1,300,2,4,ok,,0,1,44.06870799721219,1020.0,1,3.820999999999991,13.82800000000043,1762231671198,1762231671215,light,0.8,80.0,0.0,0,1,0.0,0,0,,,,,,
y2_rain_fade,RAIN_FADE,24,0.1,300,2,5,ok,,0,1,42.335750003985595,1020.0,1,3.710000000000001,13.580999999999221,1762231671608,1762231671623,light,0.8,80.0,0.0,0,1,0.0,0,0,,,,,,
y2_rain_fade,RAIN_FADE,24,0.1,300,2,6,ok,,0,1,50.904792005894706,1020.0,1,3.856999999999992,14.34100000000035,1762231672011,1762231672031,light,0.8,80.0,0.0,1,1,1.0,0,0,,,,,,
y2_rain_fade,RAIN_FADE,24,0.1,300,2,7,ok,,0,1,44.242916999792214,1021.0,1,3.6230000000000047,13.775000000000546,1762231672381,1762231672398,light,0.8,80.0,0.0,0,1,0.0,0,0,,,,,,
y2_rain_fade,RAIN_FADE,24,0.1,300,2,8,ok,,0,1,44.43145800178172,1020.0,1,3.7619999999999933,14.064000000000306,1762231672757,1762231672774,light,0.8,80.0,0.0,0,1,0.0,0,0,,,,,,
y2_rain_fade,RAIN_FADE,24,0.1,300,2,9,ok,,0,1,42.8171250023297,1020.0,1,3.504000000000005,13.46599999999944,1762231673127,1762231673143,light,0.8,80.0,0.0,0,1,0.0,0,0,,,,,,
y2_rain_fade,RAIN_FADE,24,0.1,300,2,10,ok,,0,1,42.42379200150026,1021.0,1,3.8260000000000005,14.344000000000051,1762231673535,1762231673554,light,0.8,80.0,0.0,1,1,1.0,0,0,,,,,,
y2_rain_fade,RAIN_FADE,24,0.1,300,2,11,ok,,0,1,47.21008400520077,1021.0,1,3.6350000000000016,13.78399999999965,1762231673909,1762231673925,light,0.8,80.0,0.0,0,1,0.0,0,0,,,,,,
y2_rain_fade,RAIN_FADE,24,0.1,300,2,12,ok,,0,1,43.49883300164947,1020.0,1,3.8329999999999913,14.15099999999984,1762231674321,1762231674337,light,0.8,80.0,0.0,0,1,0.0,0,0,,,,,,
y2_rain_fade,RAIN_FADE,24,0.1,300,2,13,ok,,0,1,42.25041599420365,1020.0,1,3.7139999999999986,14.096999999999753,1762231674693,1762231674710,light,0.8,80.0,0.0,0,1,0.0,0,0,,,,,,
y2_rain_fade,RAIN_FADE,24,0.1,300,2,14,ok,,0,1,44.071416996303014,1020.0,1,3.8000000000000043,14.168000000000575,1762231675070,1762231675087,light,0.8,80.0,0.0,0,1,0.0,0,0,,,,,,
y2_rain_fade,RAIN_FADE,24,0.1,300,2,15,ok,,0,1,42.711249996500555,1020.0,1,3.7639999999999993,14.40099999999893,1762231675463,1762231675479,light,0.8,80.0,0.0,0,1,0.0,0,0,,,,,,
y2_rain_fade,RAIN_FADE,24,0.1,300,2,16,ok,,0,1,44.81395900074858,1019.0,1,3.7399999999999913,13.938000000001011,1762231675850,1762231675868,light,0.8,80.0,0.0,0,1,0.0,0,0,,,,,,
y2_rain_fade,RAIN_FADE,24,0.1,300,2,17,ok,,0,1,45.178583000961225,1020.0,1,3.6129999999999995,13.796000000000276,1762231676222,1762231676238,light,0.8,80.0,0.0,0,1,0.0,0,0,,,,,,
y2_rain_fade,RAIN_FADE,24,0.1,300,2,18,ok,,0,1,44.846333999885246,1020.0,1,3.6359999999999886,14.030000000000655,1762231676601,1762231676619,light,0.8,80.0,0.0,0,1,0.0,0,0,,,,,,
y2_rain_fade,RAIN_FADE,24,0.1,300,2,19,ok,,0,1,46.31508300371934,1021.0,1,3.7760000000000034,14.359000000000378,1762231676985,1762231677005,light,0.8,80.0,0.0,1,1,1.0,0,0,,,,,,
y2_rain_fade,RAIN_FADE,24,0.1,300,2,20,ok,,0,1,42.49174999858951,1019.0,1,3.466000000000008,13.918999999999869,1762231677372,1762231677387,light,0.8,80.0,0.0,0,1,0.0,0,0,,,,,,
y2_rain_fade,RAIN_FADE,24,0.1,400,2,1,ok,,0,1,44.26374999457039,1021.0,1,3.8129999999999953,14.300000000000182,1762231677917,1762231677932,light,0.8,80.0,0.0,1,1,1.0,0,0,,,,,,
y2_rain_fade,RAIN_FADE,24,0.1,400,2,2,ok,,0,1,46.115124998323154,1020.0,1,3.730000000000004,13.922999999999774,1762231678294,1762231678311,light,0.8,80.0,0.0,0,1,0.0,0,0,,,,,,
y2_rain_fade,RAIN_FADE,24,0.1,400,2,3,ok,,0,1,49.4165839991183,1021.0,1,3.848000000000006,14.297999999999774,1762231678673,1762231678689,light,0.8,80.0,0.0,0,1,0.0,0,0,,,,,,
y2_rain_fade,RAIN_FADE,24,0.1,400,2,4,ok,,0,1,45.32887499954086,1021.0,1,3.8049999999999997,14.210000000000036,1762231679089,1762231679107,light,0.8,80.0,0.0,0,1,0.0,0,0,,,,,,
y2_rain_fade,RAIN_FADE,24,0.1,400,2,5,ok,,0,1,46.953333003330044,1020.0,1,3.772999999999996,14.114000000000487,1762231679486,1762231679504,light,0.8,80.0,0.0,0,1,0.0,0,0,,,,,,
y2_rain_fade,RAIN_FADE,24,0.1,400,2,6,ok,,0,1,44.91645799862454,1020.0,1,3.710000000000001,13.811000000000604,1762231679863,1762231679881,light,0.8,80.0,0.0,1,1,1.0,0,0,,,,,,
y2_rain_fade,RAIN_FADE,24,0.1,400,2,7,ok,,0,1,45.80679200444138,1020.0,1,3.7560000000000002,13.875999999999294,1762231680249,1762231680267,light,0.8,80.0,0.0,0,1,0.0,0,0,,,,,,
y2_rain_fade,RAIN_FADE,24,0.1,400,2,8,ok,,0,1,49.848583999846596,1020.0,1,3.571999999999999,14.032000000000153,1762231680631,1762231680650,light,0.8,80.0,0.0,0,1,0.0,0,0,,,,,,
y2_rain_fade,RAIN_FADE,24,0.1,400,2,9,ok,,0,1,45.482166002329905,1021.0,1,3.4989999999999917,13.851000000000568,1762231681004,1762231681022,light,0.8,80.0,0.0,0,1,0.0,0,0,,,,,,
y2_rain_fade,RAIN_FADE,24,0.1,400,2,10,ok,,0,1,45.96233300253516,1021.0,1,3.479999999999997,13.59100000000035,1762231681386,1762231681406,light,0.8,80.0,0.0,1,1,1.0,0,0,,,,,,
y2_rain_fade,RAIN_FADE,24,0.1,400,2,11,ok,,0,1,43.47541699826252,1020.0,1,3.503999999999998,14.181000000001404,1762231681765,1762231681781,light,0.8,80.0,0.0,0,1,0.0,0,0,,,,,,
y2_rain_fade,RAIN_FADE,24,0.1,400,2,12,ok,,0,1,45.174540995503776,1020.0,1,4.020000000000003,14.533000000000357,1762231682168,1762231682186,light,0.8,80.0,0.0,0,1,0.0,0,0,,,,,,
y2_rain_fade,RAIN_FADE,24,0.1,400,2,13,ok,,0,1,43.31008400185965,1021.0,1,3.7249999999999943,14.07800000000043,1762231682537,1762231682555,light,0.8,80.0,0.0,0,1,0.0,0,0,,,,,,
y2_rain_fade,RAIN_FADE,24,0.1,400,2,14,ok,,0,1,41.948750003939494,1020.0,1,3.8969999999999985,13.956999999999425,1762231682918,1762231682933,light,0.8,80.0,0.0,0,1,0.0,0,0,,,,,,
y2_rain_fade,RAIN_FADE,24,0.1,400,2,15,ok,,0,1,46.66995799925644,1020.0,1,3.700000000000003,13.771999999999025,1762231683283,1762231683302,light,0.8,80.0,0.0,0,1,0.0,0,0,,,,,,
y2_rain_fade,RAIN_FADE,24,0.1,400,2,16,ok,,0,1,43.11674999917159,1020.0,1,3.7730000000000032,14.081000000000131,1762231683681,1762231683697,light,0.8,80.0,0.0,0,1,0.0,0,0,,,,,,
y2_rain_fade,RAIN_FADE,24,0.1,400,2,17,ok,,0,1,44.8709999982384,1020.0,1,3.6950000000000003,13.663000000000466,1762231684061,1762231684077,light,0.8,80.0,0.0,0,1,0.0,0,0,,,,,,
y2_rain_fade,RAIN_FADE,24,0.1,400,2,18,ok,,0,1,46.58204199949978,1020.0,1,3.807000000000002,14.309000000000196,1762231684454,1762231684474,light,0.8,80.0,0.0,0,1,0.0,0,0,,,,,,
y2_rain_fade,RAIN_FADE,24,0.1,400,2,19,ok,,0,1,41.314457994303666,1021.0,1,3.5,13.844999999999345,1762231684826,1762231684841,light,0.8,80.0,0.0,1,1,1.0,0,0,,,,,,
y2_rain_fade,RAIN_FADE,24,0.1,400,2,20,ok,,0,1,45.4768330018851,1020.0,1,3.7949999999999875,14.036000000000058,1762231685207,1762231685224,light,0.8,80.0,0.0,0,1,0.0,0,0,,,,,,
y2_rain_fade,RAIN_FADE,24,0.2,300,2,1,ok,,0,2,57.96704200474778,2040.0,2,7.818999999999988,24.076000000000022,1762231686241,1762231686261,moderate,0.5,50.0,0.0,2,3,0.6666666666666666,0,0,,,,,,
y2_rain_fade,RAIN_FADE,24,0.2,300,2,2,ok,,0,1,45.76666699722409,1020.0,1,3.549999999999997,14.097000000000662,1762231686642,1762231686659,moderate,0.5,50.0,0.0,0,1,0.0,0,0,,,,,,
y2_rain_fade,RAIN_FADE,24,0.2,300,2,3,ok,,0,1,46.448959001281764,1020.0,1,3.903000000000006,15.028000000000247,1762231687045,1762231687065,moderate,0.5,50.0,0.0,0,1,0.0,0,0,,,,,,
y2_rain_fade,RAIN_FADE,24,0.2,300,2,4,ok,,0,1,44.411167000362184,1021.0,1,3.7580000000000027,13.971000000000458,1762231687430,1762231687446,moderate,0.5,50.0,0.0,1,1,1.0,0,0,,,,,,
y2_rain_fade,RAIN_FADE,24,0.2,300,2,5,ok,,0,1,42.66770799586084,1019.0,1,3.4760000000000026,13.416000000000167,1762231687787,1762231687803,moderate,0.5,50.0,0.0,0,1,0.0,0,0,,,,,,
y2_rain_fade,RAIN_FADE,24,0.2,300,2,6,ok,,0,1,42.83916699932888,1021.0,1,3.807000000000002,14.217000000000553,1762231688176,1762231688194,moderate,0.5,50.0,0.0,1,1,1.0,0,0,,,,,,
y2_rain_fade,RAIN_FADE,24,0.2,300,2,7,ok,,0,1,44.014958999468945,1020.0,1,3.895000000000003,14.46600000000035,1762231688578,1762231688594,moderate,0.5,50.0,0.0,1,1,1.0,0,0,,,,,,
y2_rain_fade,RAIN_FADE,24,0.2,300,2,8,ok,,0,2,54.24795900034951,2040.0,2,5.002999999999993,19.03599999999915,1762231689477,1762231689496,moderate,0.5,50.0,0.0,2,2,1.0,0,0,,,,,,
y2_rain_fade,RAIN_FADE,24,0.2,300,2,9,ok,,0,1,48.896790998696815,1020.0,1,3.723000000000006,14.682999999999993,1762231689783,1762231689802,moderate,0.5,50.0,0.0,1,1,1.0,0,0,,,,,,
y2_rain_fade,RAIN_FADE,24,0.2,300,2,10,ok,,0,1,46.68574999959674,1021.0,1,3.737000000000002,14.171000000000276,1762231690172,1762231690188,moderate,0.5,50.0,0.0,1,1,1.0,0,0,,,,,,
y2_rain_fade,RAIN_FADE,24,0.2,300,2,11,ok,,0,1,46.97812499944121,1020.0,1,3.686,13.493999999999687,1762231690527,1762231690545,moderate,0.5,50.0,0.0,0,1,0.0,0,0,,,,,,
y2_rain_fade,RAIN_FADE,24,0.2,300,2,12,ok,,0,1,44.97554100089474,1020.0,1,3.7239999999999966,13.693000000000211,1762231690897,1762231690914,moderate,0.5,50.0,0.0,0,1,0.0,0,0,,,,,,
y2_rain_fade,RAIN_FADE,24,0.2,300,2,13,ok,,0,1,43.95391699654283,1021.0,1,3.518999999999995,13.536000000000058,1762231691286,1762231691304,moderate,0.5,50.0,0.0,0,1,0.0,0,0,,,,,,
y2_rain_fade,RAIN_FADE,24,0.2,300,2,14,ok,,0,1,42.25725000287639,1021.0,1,3.632999999999999,13.683999999999287,1762231691690,1762231691705,moderate,0.5,50.0,0.0,1,1,1.0,0,0,,,,,,
y2_rain_fade,RAIN_FADE,24,0.2,300,2,15,ok,,0,1,44.38316599407699,1020.0,1,3.7250000000000085,15.047999999999774,1762231692093,1762231692108,moderate,0.5,50.0,0.0,0,1,0.0,0,0,,,,,,
y2_rain_fade,RAIN_FADE,24,0.2,300,2,16,ok,,0,1,43.670957995345816,1020.0,1,3.7120000000000033,13.795000000000073,1762231692462,1762231692480,moderate,0.5,50.0,0.0,0,1,0.0,0,0,,,,,,
y2_rain_fade,RAIN_FADE,24,0.2,300,2,17,ok,,0,1,48.91079200024251,1020.0,1,3.6800000000000033,14.319999999999709,1762231692824,1762231692845,moderate,0.5,50.0,0.0,0,1,0.0,0,0,,,,,,
y2_rain_fade,RAIN_FADE,24,0.2,300,2,18,ok,,0,1,46.20891599915922,1020.0,1,3.762999999999998,14.981999999999971,1762231693218,1762231693239,moderate,0.5,50.0,0.0,0,1,0.0,0,0,,,,,,
y2_rain_fade,RAIN_FADE,24,0.2,300,2,19,ok,,0,1,41.58904199721292,1020.0,1,3.763999999999996,14.034999999999854,1762231693611,1762231693626,moderate,0.5,50.0,0.0,1,1,1.0,0,0,,,,,,
y2_rain_fade,RAIN_FADE,24,0.2,300,2,20,ok,,0,1,48.626916999637615,1021.0,1,3.6090000000000053,14.284999999999854,1762231693991,1762231694010,moderate,0.5,50.0,0.0,0,1,0.0,0,0,,,,,,
y2_rain_fade,RAIN_FADE,24,0.2,400,2,1,ok,,0,1,45.32387499784818,1021.0,1,3.816999999999993,14.430999999999585,1762231694544,1762231694562,moderate,0.5,50.0,0.0,1,1,1.0,0,0,,,,,,
y2_rain_fade,RAIN_FADE,24,0.2,400,2,2,ok,,0,1,45.5366669993964,1020.0,1,3.7849999999999966,14.471999999999753,1762231694923,1762231694942,moderate,0.5,50.0,0.0,0,1,0.0,0,0,,,,,,
y2_rain_fade,RAIN_FADE,24,0.2,400,2,3,ok,,0,1,41.49725000024773,1021.0,1,3.6679999999999993,14.170000000000073,1762231695319,1762231695335,moderate,0.5,50.0,0.0,0,1,0.0,0,0,,,,,,
y2_rain_fade,RAIN_FADE,24,0.2,400,2,4,ok,,0,1,47.92941699997755,1021.0,1,3.850999999999992,14.462000000000444,1762231695708,1762231695727,moderate,0.5,50.0,0.0,1,1,1.0,0,0,,,,,,
y2_rain_fade,RAIN_FADE,24,0.2,400,2,5,ok,,0,1,43.43312499986496,1020.0,1,3.6800000000000033,13.896999999999935,1762231696076,1762231696094,moderate,0.5,50.0,0.0,0,1,0.0,0,0,,,,,,
y2_rain_fade,RAIN_FADE,24,0.2,400,2,6,ok,,0,1,47.501125001872424,1021.0,1,3.7270000000000003,13.942999999999302,1762231696440,1762231696459,moderate,0.5,50.0,0.0,1,1,1.0,0,0,,,,,,
y2_rain_fade,RAIN_FADE,24,0.2,400,2,7,ok,,0,1,45.43099999864353,1021.0,1,3.8729999999999976,14.283000000000357,1762231696818,1762231696835,moderate,0.5,50.0,0.0,1,1,1.0,0,0,,,,,,
y2_rain_fade,RAIN_FADE,24,0.2,400,2,8,ok,,0,1,44.20666700025322,1020.0,1,3.745000000000001,13.693000000000211,1762231697213,1762231697230,moderate,0.5,50.0,0.0,1,1,1.0,0,0,,,,,,
y2_rain_fade,RAIN_FADE,24,0.2,400,2,9,ok,,0,2,60.56091700156685,2041.0,2,6.496000000000002,22.210000000000036,1762231698118,1762231698139,moderate,0.5,50.0,0.0,3,3,1.0,0,0,,,,,,
y2_rain_fade,RAIN_FADE,24,0.2,400,2,10,ok,,0,1,46.93554199911887,1021.0,1,3.641999999999996,14.306999999999789,1762231698547,1762231698563,moderate,0.5,50.0,0.0,1,1,1.0,0,0,,,,,,
y2_rain_fade,RAIN_FADE,24,0.2,400,2,11,ok,,0,1,48.38770899368683,1020.0,1,3.5129999999999946,13.596000000000458,1762231698934,1762231698952,moderate,0.5,50.0,0.0,0,1,0.0,0,0,,,,,,
y2_rain_fade,RAIN_FADE,24,0.2,400,2,12,ok,,0,1,46.29895800462691,1021.0,1,3.746000000000002,14.204999999999927,1762231699326,1762231699347,moderate,0.5,50.0,0.0,0,1,0.0,0,0,,,,,,
y2_rain_fade,RAIN_FADE,24,0.2,400,2,13,ok,,0,1,44.138083001598716,1020.0,1,4.199000000000005,13.958000000000538,1762231699715,1762231699732,moderate,0.5,50.0,0.0,0,1,0.0,0,0,,,,,,
y2_rain_fade,RAIN_FADE,24,0.2,400,2,14,ok,,0,1,49.516125000081956,1021.0,1,3.732999999999997,14.519000000000233,1762231700111,1762231700131,moderate,0.5,50.0,0.0,1,1,1.0,0,0,,,,,,
y2_rain_fade,RAIN_FADE,24,0.2,400,2,15,ok,,0,1,43.058625000412576,1020.0,1,3.6259999999999977,14.11200000000008,1762231700499,1762231700514,moderate,0.5,50.0,0.0,0,1,0.0,0,0,,,,,,
y2_rain_fade,RAIN_FADE,24,0.2,400,2,16,ok,,0,1,39.62324999884004,1020.0,1,3.6700000000000017,13.659999999998945,1762231700899,1762231700914,moderate,0.5,50.0,0.0,0,1,0.0,0,0,,,,,,
y2_rain_fade,RAIN_FADE,24,0.2,400,2,17,ok,,0,1,44.930333002412226,1021.0,1,3.423000000000002,13.48700000000008,1762231701256,1762231701270,moderate,0.5,50.0,0.0,0,1,0.0,0,0,,,,,,
y2_rain_fade,RAIN_FADE,24,0.2,400,2,18,ok,,0,1,47.621208999771625,1021.0,1,3.7500000000000036,14.168999999999869,1762231701647,1762231701664,moderate,0.5,50.0,0.0,0,1,0.0,0,0,,,,,,
y2_rain_fade,RAIN_FADE,24,0.2,400,2,19,ok,,0,1,49.83654199895682,1021.0,1,3.679999999999996,14.256999999999607,1762231702023,1762231702043,moderate,0.5,50.0,0.0,1,1,1.0,0,0,,,,,,
y2_rain_fade,RAIN_FADE,24,0.2,400,2,20,ok,,0,1,46.00137500528945,1021.0,1,3.8519999999999968,14.394000000000233,1762231702438,1762231702457,moderate,0.5,50.0,0.0,0,1,0.0,0,0,,,,,,
y2_rain_fade,RAIN_FADE,24,0.3,300,2,1,failed,timeout_wait_response,0,3,507.0520840017707,3062.0,3,5.716000000000001,0.0,1762231703987,,heavy,0.25,25.0,0.0,5,6,0.8333333333333334,1,1,,,,,,
y2_rain_fade,RAIN_FADE,24,0.3,300,2,2,ok,,0,1,49.1260830021929,1020.0,1,3.816999999999993,14.530999999999949,1762231704827,1762231704847,heavy,0.25,25.0,0.0,1,1,1.0,0,0,,,,,,
y2_rain_fade,RAIN_FADE,24,0.3,300,2,3,ok,,0,1,43.75195800093934,1020.0,1,3.4959999999999987,13.594000000000051,1762231705189,1762231705205,heavy,0.25,25.0,0.0,1,1,1.0,0,0,,,,,,
y2_rain_fade,RAIN_FADE,24,0.3,300,2,4,ok,,0,2,57.44283300009556,2039.0,2,5.712999999999994,20.293000000000575,1762231706093,1762231706115,heavy,0.25,25.0,0.0,2,2,1.0,0,0,,,,,,
y2_rain_fade,RAIN_FADE,24,0.3,300,2,5,ok,,0,1,44.36616699967999,1020.0,1,3.7990000000000066,14.610999999998967,1762231706404,1762231706422,heavy,0.25,25.0,0.0,0,1,0.0,0,0,,,,,,
y2_rain_fade,RAIN_FADE,24,0.3,300,2,6,ok,,0,3,55.486249999376014,3060.0,3,5.460000000000001,19.45600000000013,1762231707810,1762231707830,heavy,0.25,25.0,0.0,4,4,1.0,0,0,,,,,,
y2_rain_fade,RAIN_FADE,24,0.3,300,2,7,ok,,0,1,45.38299999694573,1020.0,1,3.9029999999999987,14.481999999999971,1762231708128,1762231708145,heavy,0.25,25.0,0.0,1,1,1.0,0,0,,,,,,
y2_rain_fade,RAIN_FADE,24,0.3,300,2,8,ok,,0,2,53.66162500286009,2040.0,2,6.7010000000000005,21.991000000000895,1762231709030,1762231709049,heavy,0.25,25.0,0.0,3,3,1.0,0,0,,,,,,
y2_rain_fade,RAIN_FADE,24,0.3,300,2,9,ok,,0,2,59.62908400397282,2040.0,2,6.191999999999986,21.490999999999985,1762231709943,1762231709964,heavy,0.25,25.0,0.0,3,3,1.0,0,0,,,,,,
y2_rain_fade,RAIN_FADE,24,0.3,300,2,10,ok,,0,1,45.337333001953084,1020.0,1,3.8590000000000018,14.072000000001026,1762231710380,1762231710395,heavy,0.25,25.0,0.0,1,1,1.0,0,0,,,,,,
y2_rain_fade,RAIN_FADE,24,0.3,300,2,11,ok,,0,1,39.81845799717121,1020.0,1,3.6750000000000043,13.851999999999862,1762231710769,1762231710784,heavy,0.25,25.0,0.0,1,1,1.0,0,0,,,,,,
y2_rain_fade,RAIN_FADE,24,0.3,300,2,12,ok,,0,1,47.198334003041964,1020.0,1,3.6069999999999958,13.890000000000327,1762231711133,1762231711149,heavy,0.25,25.0,0.0,1,1,1.0,0,0,,,,,,
y2_rain_fade,RAIN_FADE,24,0.3,300,2,13,ok,,0,2,50.8597079970059,2040.0,2,5.944999999999993,20.200999999999112,1762231712028,1762231712047,heavy,0.25,25.0,0.0,2,2,1.0,0,0,,,,,,
y2_rain_fade,RAIN_FADE,24,0.3,300,2,14,ok,,0,1,48.53441699378891,1021.0,1,3.737000000000002,14.480999999999767,1762231712334,1762231712351,heavy,0.25,25.0,0.0,1,1,1.0,0,0,,,,,,
y2_rain_fade,RAIN_FADE,24,0.3,300,2,15,ok,,0,1,45.17174899956444,1021.0,1,3.8100000000000023,14.307999999999993,1762231712756,1762231712774,heavy,0.25,25.0,0.0,1,1,1.0,0,0,,,,,,
y2_rain_fade,RAIN_FADE,24,0.3,300,2,16,ok,,0,1,48.902375005127396,1021.0,1,3.8190000000000026,14.126000000000204,1762231713123,1762231713143,heavy,0.25,25.0,0.0,1,1,1.0,0,0,,,,,,
y2_rain_fade,RAIN_FADE,24,0.3,300,2,17,ok,,0,1,44.39841599378269,1021.0,1,3.549999999999997,13.967000000000553,1762231713522,1762231713537,heavy,0.25,25.0,0.0,0,1,0.0,0,0,,,,,,
y2_rain_fade,RAIN_FADE,24,0.3,300,2,18,ok,,0,1,42.089417001989204,1021.0,1,3.749000000000006,13.60399999999936,1762231713903,1762231713918,heavy,0.25,25.0,0.0,1,1,1.0,0,0,,,,,,
y2_rain_fade,RAIN_FADE,24,0.3,300,2,19,ok,,0,1,42.45320799964247,1021.0,1,3.550999999999995,14.03399999999965,1762231714322,1762231714340,heavy,0.25,25.0,0.0,1,1,1.0,0,0,,,,,,
y2_rain_fade,RAIN_FADE,24,0.3,300,2,20,ok,,0,1,43.76804200001061,1021.0,1,3.604999999999997,13.819999999999709,1762231714682,1762231714696,heavy,0.25,25.0,0.0,1,1,1.0,0,0,,,,,,
y2_rain_fade,RAIN_FADE,24,0.3,400,2,1,ok,,0,1,46.09091699967394,1021.0,1,3.6980000000000004,14.144999999999527,1762231715200,1762231715217,heavy,0.25,25.0,0.0,1,1,1.0,0,0,,,,,,
y2_rain_fade,RAIN_FADE,24,0.3,400,2,2,ok,,0,1,43.671250001352746,1020.0,1,3.6529999999999987,13.97900000000027,1762231715591,1762231715608,heavy,0.25,25.0,0.0,1,1,1.0,0,0,,,,,,
y2_rain_fade,RAIN_FADE,24,0.3,400,2,3,ok,,0,1,44.32545800227672,1021.0,1,3.7930000000000064,13.947000000000116,1762231715973,1762231715989,heavy,0.25,25.0,0.0,1,1,1.0,0,0,,,,,,
y2_rain_fade,RAIN_FADE,24,0.3,400,2,4,ok,,0,1,42.775333000463434,1021.0,1,3.6549999999999976,14.039999999999964,1762231716352,1762231716367,heavy,0.25,25.0,0.0,1,1,1.0,0,0,,,,,,
y2_rain_fade,RAIN_FADE,24,0.3,400,2,5,ok,,0,1,45.252083997183945,1021.0,1,3.711999999999996,14.264000000001033,1762231716739,1762231716757,heavy,0.25,25.0,0.0,0,1,0.0,0,0,,,,,,
y2_rain_fade,RAIN_FADE,24,0.3,400,2,6,ok,,0,2,55.08591699617682,2041.0,2,5.988999999999997,21.58099999999922,1762231717636,1762231717655,heavy,0.25,25.0,0.0,3,3,1.0,0,0,,,,,,
y2_rain_fade,RAIN_FADE,24,0.3,400,2,7,ok,,0,1,48.54620800324483,1021.0,1,3.637999999999998,14.023999999999432,1762231718069,1762231718089,heavy,0.25,25.0,0.0,1,1,1.0,0,0,,,,,,
y2_rain_fade,RAIN_FADE,24,0.3,400,2,8,ok,,0,1,50.299874994379934,1020.0,1,3.6599999999999966,14.456000000000131,1762231718451,1762231718472,heavy,0.25,25.0,0.0,1,1,1.0,0,0,,,,,,
y2_rain_fade,RAIN_FADE,24,0.3,400,2,9,ok,,0,1,48.32391699892469,1021.0,1,3.3649999999999984,13.127999999999702,1762231718822,1762231718840,heavy,0.25,25.0,0.0,1,1,1.0,0,0,,,,,,
y2_rain_fade,RAIN_FADE,24,0.3,400,2,10,ok,,0,1,42.95345800346695,1021.0,1,3.8290000000000006,14.03899999999976,1762231719247,1762231719262,heavy,0.25,25.0,0.0,1,1,1.0,0,0,,,,,,
y2_rain_fade,RAIN_FADE,24,0.3,400,2,11,ok,,0,3,56.516083001042716,3061.0,3,5.559999999999995,20.144000000000233,1762231720656,1762231720674,heavy,0.25,25.0,0.0,4,4,1.0,0,0,,,,,,
y2_rain_fade,RAIN_FADE,24,0.3,400,2,12,ok,,0,2,61.366374997305684,2042.0,2,6.226999999999997,22.44300000000021,1762231721470,1762231721494,heavy,0.25,25.0,0.0,3,3,1.0,0,0,,,,,,
y2_rain_fade,RAIN_FADE,24,0.3,400,2,13,ok,,0,1,45.634166002855636,1020.0,1,3.9299999999999997,14.10399999999936,1762231721882,1762231721903,heavy,0.25,25.0,0.0,1,1,1.0,0,0,,,,,,
y2_rain_fade,RAIN_FADE,24,0.3,400,2,14,ok,,0,2,51.5358750053565,2041.0,2,5.264000000000003,20.404999999999745,1762231722769,1762231722788,heavy,0.25,25.0,0.0,2,2,1.0,0,0,,,,,,
y2_rain_fade,RAIN_FADE,24,0.3,400,2,15,ok,,0,1,48.32066699600546,1020.0,1,3.861000000000004,14.925000000000182,1762231723085,1762231723108,heavy,0.25,25.0,0.0,1,1,1.0,0,0,,,,,,
y2_rain_fade,RAIN_FADE,24,0.3,400,2,16,ok,,0,1,45.33324999647448,1020.0,1,3.7489999999999952,14.740999999999985,1762231723481,1762231723499,heavy,0.25,25.0,0.0,1,1,1.0,0,0,,,,,,
y2_rain_fade,RAIN_FADE,24,0.3,400,2,17,ok,,0,1,45.08962500403868,1021.0,1,3.627000000000006,14.074999999999818,1762231723868,1762231723887,heavy,0.25,25.0,0.0,0,1,0.0,0,0,,,,,,
y2_rain_fade,RAIN_FADE,24,0.3,400,2,18,ok,,0,2,56.806458000210114,2041.0,2,6.424000000000007,20.738999999999578,1762231724766,1762231724785,heavy,0.25,25.0,0.0,3,3,1.0,0,0,,,,,,
y2_rain_fade,RAIN_FADE,24,0.3,400,2,19,ok,,0,1,50.22491700219689,1021.0,1,3.648999999999994,14.088999999999942,1762231725212,1762231725232,heavy,0.25,25.0,0.0,1,1,1.0,0,0,,,,,,
y2_rain_fade,RAIN_FADE,24,0.3,400,2,20,ok,,0,1,45.5917499930365,1020.0,1,3.7099999999999937,14.65900000000056,1762231725612,1762231725631,heavy,0.25,25.0,0.0,1,1,1.0,0,0,,,,,,
y2_rain_fade,RAIN_FADE,24,0.6,300,2,1,ok,,0,2,57.66912500257604,2040.0,2,6.389000000000003,22.210000000000036,1762231726627,1762231726649,storm,0.15,15.0,0.0,2,3,0.6666666666666666,0,0,,,,,,
y2_rain_fade,RAIN_FADE,24,0.6,300,2,2,ok,,0,1,46.008750003238674,1021.0,1,3.8090000000000117,14.352000000000771,1762231727077,1762231727096,storm,0.15,15.0,0.0,1,1,1.0,0,0,,,,,,
y2_rain_fade,RAIN_FADE,24,0.6,300,2,3,ok,,0,1,46.458001001155935,1020.0,1,3.649000000000001,14.333999999999833,1762231727454,1762231727471,storm,0.15,15.0,0.0,1,1,1.0,0,0,,,,,,
y2_rain_fade,RAIN_FADE,24,0.6,300,2,4,ok,,0,2,44.03983399970457,2041.0,2,3.6699999999999946,14.678000000000793,1762231728339,1762231728353,storm,0.15,15.0,0.0,2,2,1.0,0,0,,,,,,
y2_rain_fade,RAIN_FADE,24,0.6,300,2,5,ok,,0,1,43.92954100330826,1021.0,1,3.3900000000000006,14.969000000000051,1762231728597,1762231728613,storm,0.15,15.0,0.0,0,1,0.0,0,0,,,,,,
y2_rain_fade,RAIN_FADE,24,0.6,300,2,6,failed,timeout_wait_response,0,3,508.4579169997596,3062.0,3,7.450999999999993,0.0,1762231730001,,storm,0.15,15.0,0.0,6,6,1.0,0,0,,,,,,
y2_rain_fade,RAIN_FADE,24,0.6,300,2,7,ok,,0,1,46.71379199862713,1021.0,1,3.7139999999999986,14.109999999999673,1762231730901,1762231730920,storm,0.15,15.0,0.0,1,1,1.0,0,0,,,,,,
y2_rain_fade,RAIN_FADE,24,0.6,300,2,8,ok,,0,1,43.879582997760735,1020.0,1,3.7110000000000056,13.616000000000895,1762231731284,1762231731301,storm,0.15,15.0,0.0,1,1,1.0,0,0,,,,,,
y2_rain_fade,RAIN_FADE,24,0.6,300,2,9,ok,,0,1,44.75799999636365,1020.0,1,3.7469999999999892,13.713999999999942,1762231731656,1762231731673,storm,0.15,15.0,0.0,1,1,1.0,0,0,,,,,,
y2_rain_fade,RAIN_FADE,24,0.6,300,2,10,ok,,0,1,45.24925000441726,1021.0,1,3.830999999999996,14.226999999999862,1762231732039,1762231732056,storm,0.15,15.0,0.0,1,1,1.0,0,0,,,,,,
y2_rain_fade,RAIN_FADE,24,0.6,300,2,11,ok,,0,1,50.20225000043865,1020.0,1,3.580999999999996,13.927999999999884,1762231732420,1762231732441,storm,0.15,15.0,0.0,1,1,1.0,0,0,,,,,,
y2_rain_fade,RAIN_FADE,24,0.6,300,2,12,ok,,0,1,44.09483399649616,1020.0,1,3.7279999999999944,13.918999999999869,1762231732787,1762231732804,storm,0.15,15.0,0.0,1,1,1.0,0,0,,,,,,
y2_rain_fade,RAIN_FADE,24,0.6,300,2,13,ok,,0,1,48.89983299653977,1020.0,1,3.679000000000002,14.07799999999952,1762231733174,1762231733195,storm,0.15,15.0,0.0,1,1,1.0,0,0,,,,,,
y2_rain_fade,RAIN_FADE,24,0.6,300,2,14,ok,,0,1,39.98124999634456,1021.0,1,3.789999999999992,14.000000000001819,1762231733566,1762231733580,storm,0.15,15.0,0.0,1,1,1.0,0,0,,,,,,
y2_rain_fade,RAIN_FADE,24,0.6,300,2,15,failed,timeout_wait_response,0,3,507.17408300261013,3061.0,3,6.014000000000003,0.0,1762231734939,,storm,0.15,15.0,0.0,6,6,1.0,0,0,,,,,,
y2_rain_fade,RAIN_FADE,24,0.6,300,2,16,ok,,0,1,42.91774999728659,1021.0,1,3.718999999999994,14.076000000000931,1762231735828,1762231735843,storm,0.15,15.0,0.0,1,1,1.0,0,0,,,,,,
y2_rain_fade,RAIN_FADE,24,0.6,300,2,17,ok,,0,1,45.65849999926286,1020.0,1,3.8019999999999996,13.979000000001179,1762231736217,1762231736236,storm,0.15,15.0,0.0,1,1,1.0,0,0,,,,,,
y2_rain_fade,RAIN_FADE,24,0.6,300,2,18,ok,,0,1,44.14766599802533,1020.0,1,3.820999999999998,14.206000000000131,1762231736584,1762231736602,storm,0.15,15.0,0.0,1,1,1.0,0,0,,,,,,
y2_rain_fade,RAIN_FADE,24,0.6,300,2,19,ok,,0,1,44.22037499898579,1021.0,1,3.7650000000000077,14.280000000001564,1762231736966,1762231736985,storm,0.15,15.0,0.0,1,1,1.0,0,0,,,,,,
y2_rain_fade,RAIN_FADE,24,0.6,300,2,20,ok,,0,1,40.72512499988079,1021.0,1,3.798000000000002,14.079000000000633,1762231737337,1762231737353,storm,0.15,15.0,0.0,1,1,1.0,0,0,,,,,,
y2_rain_fade,RAIN_FADE,24,0.6,400,2,1,ok,,0,3,47.773791004146915,3061.0,3,3.993000000000002,14.341999999999643,1762231738867,1762231738887,storm,0.15,15.0,0.0,3,4,0.75,0,0,,,,,,
y2_rain_fade,RAIN_FADE,24,0.6,400,2,2,ok,,0,1,47.27633300353773,1021.0,1,3.461000000000002,13.919000000000779,1762231739129,1762231739146,storm,0.15,15.0,0.0,1,1,1.0,0,0,,,,,,
y2_rain_fade,RAIN_FADE,24,0.6,400,2,3,ok,,0,1,47.02208299568156,1021.0,1,3.771000000000001,14.181999999999789,1762231739518,1762231739537,storm,0.15,15.0,0.0,1,1,1.0,0,0,,,,,,
y2_rain_fade,RAIN_FADE,24,0.6,400,2,4,ok,,0,1,47.79104200133588,1021.0,1,3.633999999999997,14.113000000000284,1762231739890,1762231739909,storm,0.15,15.0,0.0,1,1,1.0,0,0,,,,,,
y2_rain_fade,RAIN_FADE,24,0.6,400,2,5,ok,,0,1,43.90991699619917,1020.0,1,3.6980000000000004,14.101999999999862,1762231740306,1762231740325,storm,0.15,15.0,0.0,0,1,0.0,0,0,,,,,,
y2_rain_fade,RAIN_FADE,24,0.6,400,2,6,failed,timeout_wait_response,0,3,506.48337500024354,3062.0,3,5.813000000000002,0.0,1762231741701,,storm,0.15,15.0,0.0,6,6,1.0,0,0,,,,,,
y2_rain_fade,RAIN_FADE,24,0.6,400,2,7,ok,,0,1,45.3410409973003,1021.0,1,3.921999999999997,14.701000000000931,1762231742523,1762231742544,storm,0.15,15.0,0.0,1,1,1.0,0,0,,,,,,
y2_rain_fade,RAIN_FADE,24,0.6,400,2,8,ok,,0,1,45.090625004377216,1020.0,1,3.5690000000000026,13.65599999999904,1762231742883,1762231742898,storm,0.15,15.0,0.0,1,1,1.0,0,0,,,,,,
y2_rain_fade,RAIN_FADE,24,0.6,400,2,9,ok,,0,1,47.12416699476307,1021.0,1,3.7919999999999945,14.22400000000016,1762231743271,1762231743290,storm,0.15,15.0,0.0,1,1,1.0,0,0,,,,,,
y2_rain_fade,RAIN_FADE,24,0.6,400,2,10,ok,,0,2,62.78241700056242,2041.0,2,6.180999999999997,21.187000000001717,1762231744157,1762231744179,storm,0.15,15.0,0.0,3,3,1.0,0,0,,,,,,
y2_rain_fade,RAIN_FADE,24,0.6,400,2,11,ok,,0,3,52.93391700251959,3062.0,3,6.118000000000002,17.93999999999869,1762231745642,1762231745663,storm,0.15,15.0,0.0,4,4,1.0,0,0,,,,,,
y2_rain_fade,RAIN_FADE,24,0.6,400,2,12,ok,,0,2,50.81666700425558,2041.0,2,4.816999999999993,18.079999999999927,1762231746433,1762231746449,storm,0.15,15.0,0.0,2,2,1.0,0,0,,,,,,
y2_rain_fade,RAIN_FADE,24,0.6,400,2,13,ok,,0,1,37.8857079995214,1020.0,1,3.7340000000000018,13.984000000000378,1762231746744,1762231746759,storm,0.15,15.0,0.0,1,1,1.0,0,0,,,,,,
y2_rain_fade,RAIN_FADE,24,0.6,400,2,14,ok,,0,1,46.573040999646764,1021.0,1,3.7169999999999987,14.281000000000859,1762231747137,1762231747153,storm,0.15,15.0,0.0,1,1,1.0,0,0,,,,,,
y2_rain_fade,RAIN_FADE,24,0.6,400,2,15,ok,,0,2,55.18129099800717,2040.0,2,5.421999999999997,20.427999999998065,1762231748029,1762231748050,storm,0.15,15.0,0.0,3,3,1.0,0,0,,,,,,
y2_rain_fade,RAIN_FADE,24,0.6,400,2,16,ok,,0,3,49.77366700040875,3060.0,3,5.869,18.14799999999923,1762231749498,1762231749516,storm,0.15,15.0,0.0,4,4,1.0,0,0,,,,,,
y2_rain_fade,RAIN_FADE,24,0.6,400,2,17,failed,timeout_wait_response,0,3,506.91462499526097,3061.0,3,5.248000000000005,0.0,1762231750781,,storm,0.15,15.0,0.0,6,6,1.0,0,0,,,,,,
y2_rain_fade,RAIN_FADE,24,0.6,400,2,18,ok,,0,1,44.62691699882271,1020.0,1,3.631999999999998,13.84599999999773,1762231751597,1762231751616,storm,0.15,15.0,0.0,1,1,1.0,0,0,,,,,,
y2_rain_fade,RAIN_FADE,24,0.6,400,2,19,ok,,0,1,44.818833004683256,1020.0,1,3.746000000000002,14.281000000000859,1762231751990,1762231752010,storm,0.15,15.0,0.0,1,1,1.0,0,0,,,,,,
y2_rain_fade,RAIN_FADE,24,0.6,400,2,20,ok,,0,1,40.88333300023805,1021.0,1,3.743000000000002,13.927999999999884,1762231752374,1762231752390,storm,0.15,15.0,0.0,1,1,1.0,0,0,,,,,,
